time_s,node,event
6.971,3,assoc
6.971,5,assoc
6.971,6,assoc
15.131,2,assoc
15.131,4,assoc
15.131,7,assoc
15.131,9,assoc
24.567,6,send
24.576264,6,recv
25.296020000000002,3,send
25.326264,3,recv
26.402,5,send
26.436263999999998,5,recv
30.052,6,send
30.066264,6,recv
30.503,3,send
30.516264,3,recv
31.787,5,send
31.806264,5,recv
33.701,12,assoc
33.701,13,assoc
34.603,2,send
34.626264000000006,2,recv
35.061,6,send
35.076264,6,recv
35.874,3,send
35.886264000000004,3,recv
36.91,5,send
36.936264,5,recv
38.802,9,send
38.826264,9,recv
39.446,6,send
39.456264000000004,6,recv
39.556,2,send
39.576264,2,recv
40.151,15,assoc
41.526019999999995,3,send
41.556264000000006,3,recv
41.662,7,send
41.676264,7,recv
42.215019999999996,4,send
42.246264000000004,4,recv
42.558,5,send
42.576264,5,recv
43.747,2,send
43.776264000000005,2,recv
43.934,9,send
43.956264000000004,9,recv
45.232,6,send
45.246264000000004,6,recv
46.103,7,send
46.116264,7,recv
46.826,4,send
46.836264,4,recv
46.961,3,send
46.986264000000006,3,recv
47.431,5,send
47.436264,5,recv
48.499,9,send
48.516264,9,recv
49.254,2,send
49.266264,2,recv
49.47,13,send
49.476264,13,recv
50.245,7,send
50.286264,7,recv
50.955,6,send
50.976264,6,recv
51.18602,12,send
51.216264,12,recv
51.265,4,send
51.276264000000005,4,recv
52.847,3,send
52.866264,3,recv
53.275,5,send
53.286264,5,recv
53.304,2,send
53.316264000000004,2,recv
53.775,13,send
53.796264,13,recv
53.901,9,send
53.916264000000005,9,recv
55.483,7,send
55.506264,7,recv
56.101,6,send
56.106264,6,recv
56.612,12,send
56.646264,12,recv
57.237,4,send
57.246264000000004,4,recv
57.33502,3,send
57.366264,3,recv
57.459,2,send
57.486264000000006,2,recv
57.578,5,send
57.606264,5,recv
59.311,13,send
59.316264000000004,13,recv
59.886019999999995,9,send
59.916264000000005,9,recv
60.405,6,send
60.426264,6,recv
60.95,7,send
60.966264,7,recv
61.327,4,send
61.356264,4,recv
61.613,12,send
61.626264000000006,12,recv
61.999,15,send
62.016264,15,recv
62.06,5,send
62.076264,5,recv
62.70502,3,send
62.736264000000006,3,recv
62.878,2,send
62.886264000000004,2,recv
64.688,9,send
64.71626400000001,9,recv
65.191,13,send
65.196264,13,recv
65.65,12,send
65.67626399999999,12,recv
65.846,6,send
65.856264,6,recv
66.03,15,send
66.03626399999999,15,recv
66.39602000000001,7,send
66.42626399999999,7,recv
66.88,4,send
66.906264,4,recv
67.045,2,send
67.056264,2,recv
67.932,5,send
67.95626399999999,5,recv
67.98602000000001,3,send
68.01626399999999,3,recv
69.99,9,send
69.996264,9,recv
70.159,15,send
70.17626399999999,15,recv
70.427,12,send
70.446264,12,recv
70.84,13,send
70.866264,13,recv
71.446,6,send
71.466264,6,recv
72.0,7,send
72.006264,7,recv
72.295,2,send
72.306264,2,recv
72.39602000000001,4,send
72.42626399999999,4,recv
72.52,3,send
72.546264,3,recv
73.031,8,assoc
73.63,5,send
73.656264,5,recv
75.375,9,send
75.396264,9,recv
75.823,15,send
75.84626399999999,15,recv
76.098,12,send
76.116264,12,recv
76.23,6,send
76.23626399999999,6,recv
76.788,13,send
76.806264,13,recv
77.052,7,send
77.076264,7,recv
77.719,2,send
77.73626399999999,2,recv
78.09502,4,send
78.12626399999999,4,recv
78.13,3,send
78.156264,3,recv
78.647,5,send
78.666264,5,recv
79.579,9,send
79.59626399999999,9,recv
81.202,15,send
81.216264,15,recv
81.678,6,send
81.69,12,send
81.726264,6,recv
81.756264,12,recv
82.224,7,send
82.23626399999999,7,recv
82.417,13,send
82.446264,13,recv
82.797,2,send
82.806264,2,recv
83.947,3,send
83.976264,3,recv
84.06502,4,send
84.09626399999999,4,recv
84.114,5,send
84.186264,5,recv
84.997,9,send
85.026264,9,recv
86.179,15,send
86.196264,15,recv
86.604,13,send
86.616264,13,recv
86.878,7,send
86.886264,7,recv
87.379,2,send
87.396264,2,recv
87.452,12,send
87.471,6,send
87.546264,6,recv
87.606264,12,recv
88.279,3,send
88.296264,3,recv
88.497,5,send
88.506264,5,recv
89.804,4,send
89.826264,4,recv
90.04,9,send
90.06626399999999,9,recv
91.516,12,send
91.53626399999999,12,recv
91.68502000000001,15,send
91.716264,15,recv
91.764,6,send
91.776264,6,recv
91.921,7,send
91.92626399999999,7,recv
92.21,13,send
92.226264,13,recv
92.98,3,send
93.006264,3,recv
93.044,2,send
93.06626399999999,2,recv
93.735,5,send
93.756264,5,recv
94.689,9,send
94.716264,9,recv
95.216,4,send
95.226264,4,recv
96.015,7,send
96.03626399999999,7,recv
96.399,12,send
96.416,15,send
96.48626399999999,15,recv
96.51626399999999,12,recv
97.16,6,send
97.17626399999999,6,recv
97.65602,13,send
97.686264,13,recv
98.25502,8,send
98.285624,3,send
98.28626399999999,8,recv
98.31626399999999,3,recv
98.462,2,send
98.496264,2,recv
98.787,9,send
98.796264,9,recv
99.442,5,send
99.45626399999999,5,recv
99.871,4,send
99.87626399999999,4,recv
100.031,10,assoc
100.031,11,assoc
100.031,16,assoc
100.3,7,send
100.326264,7,recv
100.978,15,send
100.98626399999999,15,recv
101.328,12,send
101.34626399999999,12,recv
102.667,13,send
102.696264,13,recv
103.125,6,send
103.146264,6,recv
103.225,9,send
103.23626399999999,9,recv
103.463,8,send
103.476264,8,recv
103.737,3,send
103.746264,3,recv
103.928,5,send
103.95626399999999,5,recv
104.01602,2,send
104.046264,2,recv
104.787,7,send
104.796264,7,recv
105.868,4,send
105.87626399999999,4,recv
106.245,15,send
106.26626399999999,15,recv
107.063,12,send
107.076264,12,recv
107.206,13,send
107.226264,13,recv
107.82602,6,send
107.856264,6,recv
108.078,2,send
108.09626399999999,2,recv
108.632,3,send
108.666264,3,recv
108.742,8,send
108.756264,8,recv
109.151,9,send
109.17626399999999,9,recv
109.899,5,send
109.918,4,send
110.04,7,send
110.106264,5,recv
110.136264,7,recv
110.166264,4,recv
110.815,15,send
110.826264,15,recv
112.331,12,send
112.356264,12,recv
112.487,2,send
112.506264,2,recv
113.18,3,send
113.184,13,send
113.226264,13,recv
113.31626399999999,3,recv
113.574,6,send
113.586264,6,recv
113.82,9,send
113.826264,9,recv
114.468,5,send
114.471,7,send
114.556,8,send
114.576264,8,recv
114.696264,5,recv
114.726264,7,recv
114.752,4,send
114.78626399999999,4,recv
115.813,15,send
115.836264,15,recv
116.58602,2,send
116.616264,2,recv
116.803,12,send
116.826264,12,recv
117.72502,6,send
117.756264,6,recv
118.093,9,send
118.116264,9,recv
118.4,3,send
118.416264,3,recv
119.009,5,send
119.01626399999999,5,recv
119.022,13,send
119.046264,13,recv
119.992,7,send
120.006264,7,recv
120.027,8,send
120.03626399999999,8,recv
120.092,4,send
120.12626399999999,4,recv
120.477,15,send
120.48626399999999,15,recv
121.311,2,send
121.326264,2,recv
121.481,10,send
121.506264,10,recv
122.064,11,send
122.076264,11,recv
122.5,12,send
122.526264,12,recv
122.985,9,send
123.006264,9,recv
123.071,5,send
123.09626399999999,5,recv
123.505,3,send
123.51626399999999,3,recv
123.54502000000001,6,send
123.576264,6,recv
124.484,7,send
124.506264,7,recv
124.599,16,send
124.62626399999999,16,recv
124.82,13,send
124.836264,13,recv
124.873,4,send
124.896264,4,recv
125.91602,15,send
125.946264,15,recv
125.971,8,send
125.976264,8,recv
126.681,11,send
126.696264,11,recv
126.84602000000001,2,send
126.87626399999999,2,recv
127.219,10,send
127.23626399999999,10,recv
127.493,12,send
127.506264,12,recv
127.781,3,send
127.806264,3,recv
127.939,9,send
127.95626399999999,9,recv
128.566,7,send
128.586264,7,recv
128.667,5,send
128.676264,5,recv
129.03,4,send
129.036264,4,recv
129.101,6,send
129.126264,6,recv
129.233,13,send
129.246264,13,recv
130.23602,16,send
130.266264,16,recv
130.34,8,send
130.35626399999998,8,recv
131.07602,11,send
131.10626399999998,11,recv
131.75,15,send
131.766264,15,recv
132.03601999999998,2,send
132.066264,2,recv
132.21602,10,send
132.246264,10,recv
132.808,3,send
132.816264,3,recv
132.898,12,send
132.966264,12,recv
133.598,7,send
133.626264,7,recv
133.862,9,send
133.896264,9,recv
134.071,6,send
134.076264,6,recv
134.43601999999998,5,send
134.466264,5,recv
134.668,4,send
134.676264,4,recv
135.195,13,send
135.216264,13,recv
135.22,11,send
135.246264,11,recv
135.84,16,send
135.846264,16,recv
136.273,8,send
136.296264,8,recv
136.616,15,send
136.626264,15,recv
136.814,2,send
136.836264,2,recv
137.089,12,send
137.10626399999998,12,recv
137.221,3,send
137.226264,3,recv
138.045,10,send
138.066264,10,recv
138.12,9,send
138.126264,9,recv
138.205,7,send
138.216264,7,recv
138.89,5,send
138.906264,5,recv
139.962,4,send
139.986264,4,recv
140.028,6,send
140.046264,6,recv
140.388,13,send
140.406264,13,recv
140.49,8,send
140.496264,8,recv
141.147,11,send
141.156264,11,recv
141.758,16,send
141.786264,16,recv
141.992,3,send
142.026264,3,recv
142.2,2,send
142.206264,2,recv
142.228,7,send
142.236264,7,recv
142.599,15,send
142.626264,15,recv
143.007,12,send
143.016264,12,recv
143.307,5,send
143.316264,5,recv
143.694,9,send
143.706264,9,recv
143.889,10,send
143.91626399999998,10,recv
144.279,6,send
144.306264,6,recv
144.686,4,send
144.69626399999999,4,recv
144.763,13,send
144.786264,13,recv
145.361,8,send
145.38626399999998,8,recv
146.049,11,send
146.076264,11,recv
146.307,2,send
146.316264,2,recv
146.94601999999998,3,send
146.948,16,send
147.306264,16,recv
147.366264,3,recv
147.524,15,send
147.546264,15,recv
147.863,5,send
147.876264,5,recv
148.018,7,send
148.026264,7,recv
148.163,9,send
148.172,12,send
148.176264,9,recv
148.206264,12,recv
149.322,13,send
149.346264,13,recv
149.39,10,send
149.40562400000002,4,send
149.406264,10,recv
149.436264,4,recv
149.602,6,send
149.616264,6,recv
149.627,8,send
149.646264,8,recv
150.18601999999998,11,send
150.216264,11,recv
151.467,2,send
151.476264,2,recv
151.83602,15,send
151.866264,15,recv
151.912,16,send
151.926264,16,recv
152.238,5,send
152.256264,5,recv
152.506,3,send
152.526264,3,recv
152.548,9,send
152.556264,9,recv
152.588,12,send
152.616264,12,recv
153.121,7,send
153.126264,7,recv
153.678,6,send
153.69626399999999,6,recv
154.398,4,send
154.41626399999998,4,recv
154.574,8,send
154.596264,8,recv
155.002,13,send
155.016264,13,recv
155.267,10,send
155.286264,10,recv
155.356,11,send
155.376264,11,recv
155.888,2,send
155.91626399999998,2,recv
155.99,15,send
156.006264,15,recv
156.519,16,send
156.546264,16,recv
157.14602,9,send
157.17462400000002,12,send
157.176264,9,recv
157.206264,12,recv
157.516,5,send
157.536264,5,recv
157.788,3,send
157.806264,3,recv
158.114,6,send
158.13626399999998,6,recv
158.385,7,send
158.406264,7,recv
158.82,8,send
158.826264,8,recv
159.731,14,assoc
159.916,4,send
159.936264,4,recv
160.222,10,send
160.236264,10,recv
160.586,16,send
160.596264,16,recv
160.648,2,send
160.656264,2,recv
160.781,13,send
160.806264,13,recv
161.082,11,send
161.083,15,send
161.13626399999998,15,recv
161.16626399999998,11,recv
162.314,3,send
162.336264,3,recv
162.46,12,send
162.475,7,send
162.49,9,send
162.60626399999998,9,recv
162.63626399999998,12,recv
162.69626399999999,7,recv
162.837,6,send
162.846264,6,recv
163.255,5,send
163.266264,5,recv
163.999,8,send
164.016264,8,recv
164.238,10,send
164.256264,10,recv
164.829,4,send
164.85626399999998,4,recv
165.00601999999998,2,send
165.036264,2,recv
165.33,13,send
165.336264,13,recv
165.536,11,send
165.546264,11,recv
165.837,16,send
165.846264,16,recv
166.827,3,send
166.836264,3,recv
167.054,15,send
167.076264,15,recv
167.259,7,send
167.286264,7,recv
167.34601999999998,6,send
167.376264,6,recv
167.565,5,send
167.567,9,send
167.646264,5,recv
167.706264,9,recv
167.782,12,send
167.796264,12,recv
169.343,10,send
169.35626399999998,10,recv
169.44601999999998,8,send
169.476264,8,recv
169.539,2,send
169.566264,2,recv
169.606,13,send
169.626264,13,recv
169.957,4,send
169.986264,4,recv
171.387,11,send
171.396264,11,recv
171.825,16,send
171.846264,16,recv
171.922,6,send
171.936264,6,recv
172.659,3,send
172.686264,3,recv
172.719,15,send
172.746264,15,recv
172.827,7,send
172.836264,7,recv
173.107,5,send
173.13626399999998,5,recv
173.27,9,send
173.286264,9,recv
173.58602,10,send
173.616264,10,recv
173.634,12,send
173.646264,12,recv
173.79602,2,send
173.826264,2,recv
173.957,13,send
173.976264,13,recv
174.36602,8,send
174.396264,8,recv
175.171,4,send
175.176264,4,recv
175.511,11,send
175.536264,11,recv
175.927,16,send
175.956264,16,recv
176.797,6,send
176.826264,6,recv
177.188,15,send
177.216264,15,recv
177.691,10,send
177.69626399999999,10,recv
178.318,9,send
178.326264,9,recv
178.53601999999998,7,send
178.566264,7,recv
178.599,12,send
178.613,3,send
178.716264,12,recv
178.746264,3,recv
178.831,5,send
178.836264,5,recv
179.138,2,send
179.16626399999998,2,recv
179.29,13,send
179.316264,13,recv
179.978,11,send
180.006264,11,recv
180.139,8,send
180.156264,8,recv
180.34,4,send
180.366264,4,recv
180.79,16,send
180.816264,16,recv
182.169,6,send
182.19626399999999,6,recv
182.378,9,send
182.436264,9,recv
182.73,15,send
182.736264,15,recv
182.858,7,send
182.88626399999998,7,recv
183.391,10,send
183.396264,10,recv
183.648,12,send
183.66626399999998,12,recv
184.09,3,send
184.116264,3,recv
184.284,8,send
184.296264,8,recv
184.305,5,send
184.326264,5,recv
184.44502,2,send
184.476264,2,recv
184.689,4,send
184.716264,4,recv
184.789,13,send
184.806264,13,recv
185.549,11,send
185.556264,11,recv
186.198,16,send
186.216264,16,recv
186.68,6,send
186.69626399999999,6,recv
187.101,9,send
187.116264,9,recv
187.3,15,send
187.326264,15,recv
187.635,10,send
187.656264,10,recv
187.968,7,send
187.986264,7,recv
189.09601999999998,5,send
189.126,12,send
189.126264,5,recv
189.156264,12,recv
189.219,2,send
189.246264,2,recv
189.656,8,send
189.66626399999998,8,recv
189.688,3,send
189.69626399999999,3,recv
189.99501999999998,11,send
190.016,4,send
190.04,13,send
190.086264,4,recv
190.116264,13,recv
190.241,16,send
190.266264,16,recv
190.296264,11,recv
191.387,6,send
191.406264,6,recv
192.137,15,send
192.156264,15,recv
192.289,14,send
192.306264,14,recv
192.767,9,send
192.786264,9,recv
192.805,7,send
192.816264,7,recv
193.612,10,send
193.626264,10,recv
193.812,5,send
193.836264,5,recv
194.033,8,send
194.046264,8,recv
194.091,12,send
194.10626399999998,12,recv
194.747,4,send
194.766264,4,recv
194.94502,13,send
194.947,2,send
195.096264,2,recv
195.098,3,send
195.12562400000002,16,send
195.126264,3,recv
195.156264,16,recv
195.186264,13,recv
195.788,11,send
195.816264,11,recv
196.064,6,send
196.086264,6,recv
196.919,14,send
196.926264,14,recv
197.279,9,send
197.286264,9,recv
197.649,15,send
197.676264,15,recv
198.09601999999998,7,send
198.126264,7,recv
198.564,12,send
198.576264,12,recv
198.614,8,send
198.63626399999998,8,recv
199.08602,10,send
199.116264,10,recv
199.335,5,send
199.35626399999998,5,recv
199.38,16,send
199.38626399999998,16,recv
199.478,13,send
199.506264,13,recv
199.772,4,send
199.806264,4,recv
199.867,11,send
199.896264,11,recv
199.92602,2,send
199.956264,2,recv
200.815,6,send
200.826264,6,recv
200.917,3,send
200.94626399999999,3,recv
201.69601999999998,14,send
201.726264,14,recv
201.89,9,send
201.906264,9,recv
203.071,15,send
203.076264,15,recv
203.155,8,send
203.16626399999998,8,recv
203.171,7,send
203.19626399999999,7,recv
203.773,10,send
203.796264,10,recv
204.043,5,send
204.066264,5,recv
204.41,16,send
204.425624,12,send
204.426264,16,recv
204.456264,12,recv
205.231,13,send
205.236264,13,recv
205.544,2,send
205.566264,2,recv
205.621,4,send
205.626264,4,recv
205.826,11,send
205.836264,11,recv
206.07,14,send
206.076264,14,recv
206.543,6,send
206.556264,6,recv
206.715,3,send
206.736264,3,recv
207.399,8,send
207.426264,8,recv
207.648,7,send
207.664624,9,send
207.66626399999998,7,recv
207.69626399999999,9,recv
208.208,10,send
208.236264,10,recv
208.50601999999998,15,send
208.536264,15,recv
209.08,12,send
209.10626399999998,12,recv
209.169,16,send
209.19626399999999,16,recv
209.439,5,send
209.466264,5,recv
210.083,11,send
210.096264,11,recv
210.567,13,send
210.576264,13,recv
210.804,2,send
210.816264,2,recv
210.84601999999998,14,send
210.876264,14,recv
211.11602,4,send
211.146264,4,recv
211.25,6,send
211.266264,6,recv
211.905,7,send
211.926264,7,recv
212.52602,3,send
212.556264,3,recv
212.818,8,send
212.826264,8,recv
213.12601999999998,9,send
213.156264,9,recv
213.42602,15,send
213.429,12,send
213.486264,15,recv
213.576264,12,recv
213.656,5,send
213.666,10,send
213.66626399999998,5,recv
213.69626399999999,10,recv
214.581,16,send
214.59562400000002,13,send
214.596264,16,recv
214.626264,13,recv
214.693,11,send
214.716264,11,recv
214.86502,14,send
214.896264,14,recv
214.936,2,send
214.956264,2,recv
215.16502,4,send
215.19626399999999,4,recv
215.962,6,send
215.976264,6,recv
216.589,7,send
216.60626399999998,7,recv
216.779,3,send
216.786264,3,recv
217.309,9,send
217.326264,9,recv
217.939,15,send
217.956264,15,recv
218.27,8,send
218.286264,8,recv
218.778,12,send
218.796264,12,recv
218.803,16,send
218.826264,16,recv
219.01,5,send
219.036264,5,recv
219.384,10,send
219.396264,10,recv
219.517,2,send
219.546264,2,recv
219.559,11,send
219.576264,11,recv
220.057,13,send
220.074,6,send
220.102,4,send
220.116264,4,recv
220.266264,6,recv
220.326264,13,recv
220.489,14,send
220.506264,14,recv
220.987,3,send
221.016264,3,recv
222.261,7,send
222.276264,7,recv
222.986,9,send
222.996264,9,recv
223.199,15,send
223.206264,15,recv
223.341,16,send
223.35626399999998,16,recv
223.98502,10,send
224.016264,10,recv
224.052,2,send
224.057,8,send
224.13626399999998,2,recv
224.16626399999998,8,recv
224.371,5,send
224.376264,5,recv
224.40601999999998,4,send
224.436264,4,recv
224.577,14,send
224.586264,14,recv
224.67602,12,send
224.706264,12,recv
225.539,11,send
225.546264,11,recv
225.81,6,send
225.816264,6,recv
225.924,13,send
225.936264,13,recv
226.605,3,send
226.626264,3,recv
227.123,7,send
227.13626399999998,7,recv
227.489,9,send
227.496264,9,recv
228.553,16,send
228.576264,16,recv
228.66602,2,send
228.69626399999999,2,recv
228.75601999999998,8,send
228.786264,8,recv
229.063,4,send
229.086264,4,recv
229.11602,15,send
229.146264,15,recv
229.226,14,send
229.236264,14,recv
229.29,10,send
229.296264,10,recv
229.637,5,send
229.656264,5,recv
230.396,12,send
230.406264,12,recv
230.476,6,send
230.496264,6,recv
230.924,11,send
230.94626399999999,11,recv
231.174,3,send
231.184624,13,send
231.186264,3,recv
231.216264,13,recv
231.54,7,send
231.546264,7,recv
232.373,9,send
232.38626399999998,9,recv
232.877,2,send
232.896264,2,recv
233.191,8,send
233.19626399999999,8,recv
233.511,16,send
233.526264,16,recv
233.909,14,send
233.91626399999998,14,recv
234.151,15,send
234.156264,15,recv
234.978,4,send
234.996,10,send
234.996264,4,recv
235.026264,10,recv
235.35602,11,send
235.38626399999998,11,recv
235.392,6,send
235.41626399999998,6,recv
235.472,3,send
235.506264,3,recv
235.542,5,send
235.566264,5,recv
235.705,12,send
235.716264,12,recv
236.199,13,send
236.226264,13,recv
237.037,7,send
237.066264,7,recv
237.267,8,send
237.276264,8,recv
238.08602,2,send
238.111,9,send
238.149,16,send
238.236264,9,recv
238.296264,16,recv
238.328,14,send
238.35626399999998,14,recv
238.41626399999998,2,recv
238.915,15,send
238.926264,15,recv
239.777,11,send
239.796264,11,recv
239.961,10,send
239.976264,10,recv
240.014,12,send
240.036264,12,recv
240.039,6,send
240.066264,6,recv
240.459,5,send
240.486264,5,recv
240.647,13,send
240.66626399999998,13,recv
240.97,4,send
240.996264,4,recv
241.214,3,send
241.236264,3,recv
241.874,8,send
241.896264,8,recv
242.867,7,send
242.88626399999998,7,recv
243.569,2,send
243.576264,2,recv
243.708,16,send
243.726264,16,recv
243.833,9,send
243.846264,9,recv
243.944,14,send
243.966264,14,recv
244.069,11,send
244.086264,11,recv
244.096,15,send
244.116264,15,recv
244.22,6,send
244.236264,6,recv
244.281,12,send
244.296264,12,recv
244.359,10,send
244.38626399999998,10,recv
244.95,13,send
244.956264,13,recv
245.083,5,send
245.10626399999998,5,recv
245.40501999999998,3,send
245.436264,3,recv
246.251,4,send
246.276264,4,recv
246.368,8,send
246.396264,8,recv
247.808,7,send
247.836264,7,recv
248.051,2,send
248.076264,2,recv
248.122,11,send
248.13626399999998,11,recv
248.67602,14,send
248.686,10,send
248.77,6,send
248.826264,14,recv
248.85626399999998,10,recv
248.87,15,send
248.88626399999998,15,recv
248.91626399999998,6,recv
248.924,12,send
248.94626399999999,12,recv
249.051,13,send
249.066264,13,recv
249.505,16,send
249.516264,16,recv
249.661,5,send
249.66626399999998,5,recv
249.823,9,send
249.846264,9,recv
249.978,3,send
249.996264,3,recv
250.277,4,send
250.296264,4,recv
251.072,8,send
251.10626399999998,8,recv
252.161,11,send
252.186264,11,recv
252.807,10,send
252.816264,10,recv
252.971,7,send
252.996264,7,recv
253.816,6,send
253.836264,6,recv
253.868,2,send
253.886,15,send
254.046264,15,recv
254.19626399999999,2,recv
254.25601999999998,13,send
254.286264,13,recv
254.301,12,send
254.316264,12,recv
254.497,16,send
254.522,14,send
254.526264,16,recv
254.556264,14,recv
254.928,4,send
254.94626399999999,4,recv
255.165,9,send
255.186264,9,recv
255.21602,8,send
255.246264,8,recv
255.329,3,send
255.336264,3,recv
255.655,5,send
255.66626399999998,5,recv
256.979,11,send
256.986264,11,recv
257.802,10,send
257.826264,10,recv
258.031,15,send
258.036264,15,recv
258.578,7,send
258.606264,7,recv
258.626,6,send
258.636264,6,recv
258.64,13,send
258.666264,13,recv
259.26601999999997,16,send
259.283,14,send
259.326264,16,recv
259.416264,14,recv
259.551,8,send
259.566264,8,recv
259.702,2,send
259.716264,2,recv
259.989,3,send
259.991,12,send
260.076264,12,recv
260.106264,3,recv
260.35,4,send
260.376264,4,recv
260.986,5,send
261.006264,5,recv
261.054,9,send
261.066264,9,recv
262.41,15,send
262.416264,15,recv
262.781,13,send
262.806264,13,recv
262.928,11,send
262.95626400000003,11,recv
263.093,10,send
263.106264,10,recv
263.323,6,send
263.346264,6,recv
263.443,7,send
263.466264,7,recv
264.282,16,send
264.306264,16,recv
264.499,12,send
264.51626400000004,12,recv
264.632,8,send
264.666264,8,recv
264.84602,2,send
264.87626400000005,2,recv
264.96602,14,send
264.996264,14,recv
265.243,4,send
265.26626400000004,4,recv
265.41602,9,send
265.44626400000004,9,recv
265.766,3,send
265.776264,3,recv
266.809,5,send
266.82626400000004,5,recv
267.60602,13,send
267.607,6,send
267.626,11,send
267.645,15,send
267.666264,15,recv
267.69626400000004,6,recv
267.726264,13,recv
267.75626400000004,11,recv
268.106,7,send
268.116264,7,recv
268.284,10,send
268.296264,10,recv
269.333,12,send
269.346264,12,recv
269.858,16,send
269.886,8,send
269.88626400000004,16,recv
269.916264,8,recv
270.053,4,send
270.06626400000005,4,recv
270.107,3,send
270.12626400000005,3,recv
270.473,2,send
270.486264,2,recv
270.803,14,send
270.81626400000005,14,recv
270.99,9,send
270.996264,9,recv
271.246,5,send
271.26626400000004,5,recv
272.866,13,send
272.88626400000004,13,recv
273.294,11,send
273.306264,11,recv
273.306264,6,send
273.336264,6,recv
273.527,10,send
273.546264,10,recv
273.63602000000003,15,send
273.666264,15,recv
273.829,7,send
273.846264,7,recv
274.121,3,send
274.14626400000003,3,recv
274.166,4,send
274.176264,4,recv
274.747,16,send
274.776264,16,recv
275.048,12,send
275.069,2,send
275.127,8,send
275.13626400000004,8,recv
275.166264,2,recv
275.19626400000004,12,recv
275.534,14,send
275.556264,14,recv
276.914,9,send
276.93626400000005,9,recv
277.091,5,send
277.116264,5,recv
277.711,10,send
277.716264,10,recv
277.756,13,send
277.776264,13,recv
278.238,3,send
278.25626400000004,3,recv
278.608,15,send
278.616264,15,recv
278.933,11,send
278.94626400000004,11,recv
278.987,6,send
279.00626400000004,6,recv
279.524,4,send
279.546264,4,recv
279.766,7,send
279.786264,7,recv
279.858,2,send
279.87626400000005,2,recv
280.245,12,send
280.26626400000004,12,recv
280.346,14,send
280.356264,14,recv
280.449,16,send
280.476264,16,recv
280.59502000000003,8,send
280.62626400000005,8,recv
281.717,9,send
281.736264,9,recv
282.03602,5,send
282.06626400000005,5,recv
282.839,3,send
282.846264,3,recv
283.149,13,send
283.176264,13,recv
283.224,10,send
283.236264,10,recv
283.712,15,send
283.746264,15,recv
283.889,7,send
283.89626400000003,7,recv
284.026,11,send
284.046264,11,recv
284.066,6,send
284.07626400000004,6,recv
284.52602,4,send
284.616264,4,recv
285.593,14,send
285.606264,14,recv
285.619,2,send
285.63626400000004,2,recv
285.722,16,send
285.75626400000004,16,recv
285.982,12,send
285.996264,12,recv
286.152,8,send
286.176264,8,recv
286.228,5,send
286.236264,5,recv
286.871,9,send
286.89626400000003,9,recv
287.76502,13,send
287.796264,13,recv
288.41,3,send
288.426264,3,recv
288.609,10,send
288.63626400000004,10,recv
289.004,15,send
289.026264,15,recv
289.313,6,send
289.32626400000004,6,recv
289.41,11,send
289.416264,11,recv
289.667,7,send
289.68626400000005,7,recv
289.881,4,send
289.89626400000003,4,recv
290.234,16,send
290.24,8,send
290.263,2,send
290.286264,2,recv
290.297,5,send
290.31626400000005,5,recv
290.346264,16,recv
290.37626400000005,8,recv
290.546,12,send
290.556264,12,recv
290.807,14,send
290.82626400000004,14,recv
290.981,9,send
291.00626400000004,9,recv
292.633,13,send
292.656264,13,recv
293.669,15,send
293.676264,15,recv
293.927,7,send
293.938,3,send
293.976264,7,recv
294.027,6,send
294.036264,6,recv
294.06626400000005,3,recv
294.255,10,send
294.276264,10,recv
294.347,8,send
294.366264,8,recv
294.384,11,send
294.39626400000003,11,recv
294.7,2,send
294.75626400000004,2,recv
295.492,16,send
295.50626400000004,16,recv
295.613,5,send
295.62626400000005,5,recv
295.68502,4,send
295.716264,4,recv
296.16602,14,send
296.19626400000004,14,recv
296.511,12,send
296.526264,12,recv
296.708,9,send
296.736264,9,recv
298.59602,3,send
298.6,13,send
298.656264,3,recv
298.684624,6,send
298.68626400000005,13,recv
298.716264,6,recv
298.828,10,send
298.836264,10,recv
298.917,15,send
298.926264,15,recv
299.518,7,send
299.525624,2,send
299.526264,7,recv
299.556264,2,recv
299.64602,16,send
299.676264,16,recv
299.785,11,send
299.796264,11,recv
300.21602,5,send
300.246264,5,recv
300.33602,8,send
300.366264,8,recv
301.14502000000005,14,send
301.176264,14,recv
301.519,4,send
301.536264,4,recv
301.815,9,send
301.836264,9,recv
302.34602,12,send
302.37626400000005,12,recv
302.961,10,send
302.976264,10,recv
303.06602000000004,15,send
303.096264,15,recv
303.181,13,send
303.18626400000005,13,recv
303.34,3,send
303.366264,3,recv
304.345,5,send
304.356264,5,recv
304.572,6,send
304.596264,6,recv
304.905,11,send
304.926264,11,recv
305.06,8,send
305.07626400000004,8,recv
305.16602,2,send
305.19626400000004,2,recv
305.237,16,send
305.25626400000004,16,recv
305.31502,7,send
305.346264,7,recv
305.947,9,send
305.976264,9,recv
306.445,4,send
306.45626400000003,4,recv
306.72,14,send
306.726264,14,recv
307.525,10,send
307.536264,10,recv
307.61,15,send
307.62626400000005,15,recv
307.899,12,send
307.926264,12,recv
308.558,3,send
308.586264,3,recv
308.941,6,send
308.94626400000004,6,recv
309.05,13,send
309.06626400000005,13,recv
309.267,16,send
309.276264,16,recv
309.314,5,send
309.336264,5,recv
309.376,7,send
309.39626400000003,7,recv
309.738,11,send
309.75626400000004,11,recv
310.619,8,send
310.62626400000005,8,recv
310.643,4,send
310.656264,4,recv
311.067,2,send
311.07626400000004,2,recv
311.246,9,send
311.25626400000004,9,recv
311.81,14,send
311.82626400000004,14,recv
311.949,10,send
311.976264,10,recv
312.12602000000004,12,send
312.156264,12,recv
313.184,15,send
313.20626400000003,15,recv
313.308,6,send
313.32626400000004,6,recv
313.47602,3,send
313.50626400000004,3,recv
314.058,13,send
314.07626400000004,13,recv
314.252,16,send
314.286264,16,recv
314.371,5,send
314.37626400000005,5,recv
314.689,7,send
314.70626400000003,7,recv
315.332,11,send
315.352,4,send
315.45626400000003,4,recv
315.486264,11,recv
316.079,10,send
316.086264,10,recv
316.211,8,send
316.224,9,send
316.38626400000004,9,recv
316.476264,8,recv
316.617,2,send
316.62626400000005,2,recv
316.996,12,send
317.01626400000004,12,recv
317.147,14,send
317.166264,14,recv
317.454,15,send
317.466264,15,recv
317.665,3,send
317.676264,3,recv
319.199,6,send
319.20626400000003,6,recv
319.311,13,send
319.32626400000004,13,recv
319.749,16,send
319.751,5,send
319.836264,5,recv
319.866264,16,recv
320.099,11,send
320.106264,11,recv
320.28502000000003,7,send
320.292,9,send
320.458,4,send
320.466264,4,recv
320.49602000000004,8,send
320.526264,8,recv
320.586264,9,recv
320.616264,7,recv
320.871,2,send
320.88626400000004,2,recv
321.36602,10,send
321.39626400000003,10,recv
321.692,12,send
321.726264,12,recv
321.975,14,send
321.996264,14,recv
322.359,3,send
322.371,15,send
322.416264,3,recv
322.44626400000004,15,recv
323.503,13,send
323.526264,13,recv
324.083,6,send
324.096264,6,recv
324.411,5,send
324.426264,5,recv
324.609,11,send
324.63626400000004,11,recv
324.748,8,send
324.75626400000004,8,recv
324.87602000000004,4,send
324.906264,4,recv
324.952,16,send
324.966264,16,recv
325.001,7,send
325.026264,7,recv
325.464,9,send
325.476264,9,recv
326.412,15,send
326.43626400000005,15,recv
326.771,2,send
326.787,10,send
326.856264,2,recv
326.916264,10,recv
327.148,12,send
327.156264,12,recv
327.952,14,send
327.966264,14,recv
327.987,3,send
327.996264,3,recv
328.282,13,send
328.296264,13,recv
329.091,6,send
329.106264,6,recv
329.578,4,send
329.586264,4,recv
329.898,11,send
329.916264,11,recv
330.03602,5,send
330.06626400000005,5,recv
330.162,16,send
330.18626400000005,16,recv
330.237,8,send
330.246264,8,recv
330.939,7,send
330.966264,7,recv
331.087,9,send
331.116264,9,recv
331.273,15,send
331.296264,15,recv
331.615,2,send
331.62626400000005,2,recv
331.642,10,send
331.656264,10,recv
332.129,3,send
332.13626400000004,3,recv
332.142,12,send
332.166264,12,recv
333.37,6,send
333.39626400000003,6,recv
333.704,13,send
333.726264,13,recv
333.751,14,send
333.75626400000004,14,recv
334.17,5,send
334.176264,5,recv
335.208,4,send
335.226264,4,recv
335.55602000000005,7,send
335.586264,11,send
335.586264,7,recv
335.616264,11,recv
335.632,16,send
335.64626400000003,16,recv
335.721,10,send
335.736264,10,recv
336.141,15,send
336.144,8,send
336.216264,8,recv
336.246264,15,recv
336.597,9,send
336.606264,9,recv
336.817,2,send
336.846264,2,recv
337.69,12,send
337.716264,12,recv
337.808,3,send
337.836264,3,recv
338.37602000000004,5,send
338.406264,5,recv
338.934,13,send
338.94626400000004,13,recv
339.03602,6,send
339.06626400000005,6,recv
339.57502,14,send
339.606264,14,recv
339.779,4,send
339.786264,4,recv
340.167,11,send
340.176264,11,recv
340.597,7,send
340.62626400000005,7,recv
340.651,15,send
340.656264,15,recv
341.0,10,send
341.01626400000004,10,recv
341.121,16,send
341.13626400000004,16,recv
341.147,8,send
341.166264,8,recv
341.317,9,send
341.346264,9,recv
342.416,2,send
342.426264,2,recv
342.431,12,send
342.45626400000003,12,recv
343.211,3,send
343.236264,3,recv
343.427,6,send
343.44626400000004,6,recv
343.586,13,send
343.596264,13,recv
343.922,5,send
343.95626400000003,5,recv
344.444,11,send
344.466264,11,recv
344.762,14,send
344.796264,14,recv
344.94502,15,send
344.976264,15,recv
345.139,4,send
345.15,7,send
345.18626400000005,7,recv
345.246264,4,recv
346.155,9,send
346.176264,9,recv
346.199,10,send
346.20626400000003,10,recv
346.575,2,send
346.596264,2,recv
346.601,12,send
346.62626400000005,12,recv
347.029,16,send
347.046264,16,recv
347.146,8,send
347.166264,8,recv
348.217,3,send
348.246264,3,recv
348.35,6,send
348.366264,6,recv
348.507,13,send
348.51626400000004,13,recv
348.583,11,send
348.606264,11,recv
349.375,14,send
349.38626400000004,14,recv
349.439,5,send
349.44626400000004,5,recv
350.197,4,send
350.226264,4,recv
350.483,7,send
350.496264,7,recv
350.731,15,send
350.736264,15,recv
350.878,9,send
350.88626400000004,9,recv
351.014,2,send
351.036264,2,recv
351.141,12,send
351.156264,12,recv
351.64,10,send
351.658,16,send
351.69626400000004,16,recv
351.726264,10,recv
352.214,8,send
352.236264,8,recv
352.363,3,send
352.38626400000004,3,recv
352.582,13,send
352.596264,13,recv
353.209,11,send
353.226264,11,recv
353.369,6,send
353.37626400000005,6,recv
354.203,5,send
354.216264,5,recv
354.837,14,send
354.846264,14,recv
355.428,4,send
355.44626400000004,4,recv
356.112,15,send
356.13,12,send
356.135624,7,send
356.166264,7,recv
356.37626400000005,15,recv
356.43626400000005,12,recv
356.478,2,send
356.496264,2,recv
356.539,16,send
356.556264,16,recv
356.561,10,send
356.586264,10,recv
356.748,9,send
356.76626400000004,9,recv
356.997,13,send
357.00626400000004,13,recv
357.497,6,send
357.51626400000004,6,recv
357.955,8,send
357.966264,8,recv
358.05502,3,send
358.086264,3,recv
358.80502,5,send
358.836264,5,recv
358.842,11,send
358.866264,11,recv
359.09,14,send
359.106264,14,recv
360.681,15,send
360.69626400000004,15,recv
360.918,4,send
360.93626400000005,4,recv
361.104,7,send
361.116264,7,recv
361.532,2,send
361.542,13,send
361.604,12,send
361.62626400000005,12,recv
361.656264,2,recv
361.68626400000005,13,recv
361.802,16,send
361.836264,16,recv
362.399,10,send
362.406264,10,recv
362.487,8,send
362.496,9,send
362.496264,8,recv
362.526264,9,recv
362.75,6,send
362.76626400000004,6,recv
363.209,11,send
363.216264,11,recv
363.411,14,send
363.426264,14,recv
363.676,3,send
363.69626400000004,3,recv
364.797,5,send
364.806264,5,recv
365.157,7,send
365.166264,7,recv
365.61602,12,send
365.64626400000003,12,recv
365.97602,13,send
366.00626400000004,13,recv
366.32,15,send
366.336264,15,recv
366.528,4,send
366.546264,4,recv
366.777,8,send
366.786264,8,recv
366.948,2,send
366.966264,2,recv
367.53602,9,send
367.56,16,send
367.806264,9,recv
367.822,10,send
367.836264,10,recv
367.89626400000003,16,recv
368.173,11,send
368.19626400000004,11,recv
368.75,6,send
368.76626400000004,6,recv
368.894,14,send
368.916264,14,recv
369.022,3,send
369.036264,3,recv
369.18502,5,send
369.216264,5,recv
369.434,7,send
369.45626400000003,7,recv
371.061,4,send
371.07626400000004,4,recv
371.22502000000003,13,send
371.25626400000004,13,recv
371.26,12,send
371.286264,12,recv
371.5,2,send
371.526264,2,recv
371.608,8,send
371.616264,8,recv
371.94602000000003,15,send
371.976264,15,recv
372.886,16,send
372.906264,16,recv
373.187,10,send
373.20626400000003,10,recv
373.248,6,send
373.26,9,send
373.425,11,send
373.44626400000004,11,recv
373.536264,6,recv
373.776264,9,recv
373.875,7,send
373.89626400000003,7,recv
374.213,3,send
374.226264,3,recv
374.488,14,send
374.496264,14,recv
374.838,5,send
374.856264,5,recv
375.997,13,send
376.026264,13,recv
376.722,12,send
376.729,15,send
376.806264,12,recv
376.866264,15,recv
376.941,2,send
376.95626400000003,2,recv
377.008,4,send
377.01626400000004,4,recv
377.12,8,send
377.13626400000004,8,recv
377.151,16,send
377.166264,16,recv
377.52602,11,send
377.556264,11,recv
377.709,6,send
377.736264,6,recv
378.00602000000003,10,send
378.156264,10,recv
378.173,7,send
378.18626400000005,7,recv
378.48602,9,send
378.51626400000004,9,recv
378.823,3,send
378.846264,3,recv
378.854,5,send
378.87626400000005,5,recv
380.05,14,send
380.07626400000004,14,recv
380.417,13,send
380.43626400000005,13,recv
381.43,2,send
381.45626400000003,2,recv
381.589,12,send
381.606264,12,recv
382.018,8,send
382.026264,8,recv
382.393,15,send
382.416264,15,recv
382.527,10,send
382.536264,10,recv
382.783,4,send
382.806264,4,recv
382.922,11,send
382.95626400000003,11,recv
382.988,16,send
383.01626400000004,16,recv
383.114,6,send
383.13626400000004,6,recv
383.181,5,send
383.19626400000004,5,recv
383.506,3,send
383.526264,3,recv
383.999,9,send
384.00626400000004,9,recv
384.015,7,send
384.036264,7,recv
384.854,13,send
384.87626400000005,13,recv
386.05,14,send
386.07626400000004,14,recv
386.91602,10,send
386.94626400000004,10,recv
387.18602000000004,11,send
387.196,15,send
387.228,2,send
387.246264,2,recv
387.425624,12,send
387.426264,11,recv
387.521,8,send
387.546264,8,recv
387.551,3,send
387.572,16,send
387.606264,16,recv
387.65,5,send
387.786264,5,recv
387.81626400000005,15,recv
387.906264,12,recv
387.916,4,send
387.93626400000005,4,recv
387.966264,3,recv
388.472,6,send
388.50626400000004,6,recv
388.739,9,send
388.746264,9,recv
389.977,7,send
390.00626400000004,7,recv
390.142,13,send
390.156264,13,recv
390.63602000000003,14,send
390.666264,14,recv
391.723,3,send
391.746264,3,recv
392.07602,10,send
392.106264,10,recv
392.221,12,send
392.226264,12,recv
392.691,5,send
392.70626400000003,5,recv
392.718,15,send
392.736264,15,recv
392.77,11,send
392.796264,11,recv
392.908,16,send
392.916264,16,recv
392.97602,2,send
393.036264,2,recv
393.127,8,send
393.156264,8,recv
393.655,9,send
393.666264,9,recv
393.915,4,send
393.93626400000005,4,recv
394.02602,6,send
394.056264,6,recv
394.471,7,send
394.476264,7,recv
394.538,13,send
394.56626400000005,13,recv
394.65602,14,send
394.68626400000005,14,recv
396.722,3,send
396.75626400000004,3,recv
397.495,11,send
397.50626400000004,11,recv
397.753,12,send
397.776264,12,recv
397.988,10,send
398.01626400000004,10,recv
398.288,5,send
398.3,15,send
398.346264,15,recv
398.42,6,send
398.526264,6,recv
398.609,2,send
398.616264,2,recv
398.676264,5,recv
398.74,13,send
398.76626400000004,13,recv
398.863,16,send
398.88626400000004,16,recv
398.924,8,send
398.94626400000004,8,recv
399.119,9,send
399.12626400000005,9,recv
399.692,14,send
399.726264,14,recv
399.736,4,send
399.75626400000004,4,recv
400.212,7,send
400.236264,7,recv
401.01,3,send
401.01626400000004,3,recv
402.222,10,send
402.246264,10,recv
402.48,15,send
402.486264,15,recv
403.008,12,send
403.026264,12,recv
403.123,8,send
403.14626400000003,8,recv
403.333,11,send
403.356264,11,recv
403.41502,6,send
403.44626400000004,6,recv
403.873,13,send
403.922,5,send
403.95626400000003,5,recv
404.01626400000004,13,recv
404.26,4,send
404.286264,4,recv
404.46602,9,send
404.488,2,send
404.518,14,send
404.556264,14,recv
404.598,16,send
404.796264,2,recv
404.856264,16,recv
404.976264,9,recv
406.02,7,send
406.026264,7,recv
406.243,10,send
406.26626400000004,10,recv
406.9,3,send
406.926264,3,recv
407.07602,12,send
407.106264,12,recv
407.981,5,send
408.00626400000004,5,recv
408.218,15,send
408.246264,15,recv
408.268,8,send
408.276264,8,recv
408.325,13,send
408.336264,13,recv
408.561,6,send
408.57626400000004,6,recv
408.889,11,send
408.906264,11,recv
409.303,2,send
409.32626400000004,2,recv
409.376,4,send
409.38626400000004,4,recv
409.456,14,send
409.476264,14,recv
409.82,16,send
409.836264,16,recv
410.042,9,send
410.07626400000004,9,recv
411.501,3,send
411.51626400000004,3,recv
411.99,7,send
411.996264,7,recv
412.15,10,send
412.176264,10,recv
412.5,13,send
412.50626400000004,13,recv
412.532,12,send
412.56626400000005,12,recv
412.83602,15,send
412.866264,15,recv
413.426,6,send
413.43626400000005,6,recv
413.619,4,send
413.64626400000003,4,recv
413.7,8,send
413.70626400000003,8,recv
413.83,16,send
413.856264,16,recv
413.959,5,send
413.976264,5,recv
414.12502,14,send
414.156264,14,recv
414.21,9,send
414.216264,9,recv
414.582,11,send
414.606264,11,recv
414.944,2,send
414.966264,2,recv
416.24,10,send
416.25626400000004,10,recv
416.55,3,send
416.556264,3,recv
416.69,7,send
416.70626400000003,7,recv
417.524,6,send
417.546264,6,recv
417.78602,15,send
417.81626400000005,15,recv
418.1,4,send
418.116264,4,recv
418.198,12,send
418.20626400000003,12,recv
418.288,16,send
418.29562400000003,5,send
418.296264,16,recv
418.32626400000004,5,recv
418.42,13,send
418.44626400000004,13,recv
419.066,8,send
419.07626400000004,8,recv
419.903,14,send
419.91,2,send
419.922,11,send
419.94626400000004,11,recv
420.00626400000004,14,recv
420.036264,2,recv
420.204,9,send
420.216264,9,recv
421.794,7,send
421.806264,7,recv
421.903,10,send
421.926264,10,recv
422.438,3,send
422.46,12,send
422.556264,12,recv
422.586264,3,recv
422.619,16,send
422.64626400000003,16,recv
422.714,15,send
422.736264,15,recv
422.978,6,send
423.00626400000004,6,recv
423.168,4,send
423.18626400000005,4,recv
423.93502,5,send
423.966264,5,recv
424.139,13,send
424.14626400000003,13,recv
424.282,8,send
424.296264,8,recv
425.006,11,send
425.01626400000004,11,recv
425.49602000000004,14,send
425.526264,14,recv
425.534,2,send
425.556264,2,recv
425.556264,9,send
425.586264,9,recv
426.027,7,send
426.036264,7,recv
426.242,10,send
426.276264,10,recv
426.90602,3,send
426.93626400000005,3,recv
427.09,16,send
427.116264,16,recv
427.192,15,send
427.20626400000003,15,recv
427.25,6,send
427.26626400000004,6,recv
428.17,12,send
428.19626400000004,12,recv
428.214,4,send
428.226264,4,recv
428.267,5,send
428.286264,5,recv
428.612,13,send
428.64626400000003,13,recv
429.624,14,send
429.63626400000004,14,recv
430.231,8,send
430.236264,8,recv
430.458,2,send
430.476264,2,recv
430.632,9,send
430.656264,9,recv
430.799,7,send
430.806264,7,recv
430.889,11,send
430.89626400000003,11,recv
431.192,10,send
431.226264,10,recv
431.991,6,send
432.00626400000004,6,recv
432.106,15,send
432.12626400000005,15,recv
432.267,3,send
432.276264,3,recv
432.789,12,send
432.81626400000005,12,recv
432.921,4,send
432.93626400000005,4,recv
433.061,16,send
433.069,5,send
433.14626400000003,16,recv
433.176264,5,recv
433.494,13,send
433.50626400000004,13,recv
434.201,14,send
434.226264,14,recv
434.947,8,send
434.976264,8,recv
435.21602,2,send
435.246264,2,recv
435.988,9,send
435.996,10,send
435.996264,9,recv
436.026264,10,recv
436.154,11,send
436.176264,11,recv
436.549,3,send
436.56626400000005,3,recv
436.606,7,send
436.62626400000005,7,recv
437.172,5,send
437.19462400000003,16,send
437.19626400000004,5,recv
437.226264,16,recv
437.445,15,send
437.466264,15,recv
437.656,6,send
437.676264,6,recv
437.816,12,send
437.82626400000004,12,recv
438.547,4,send
438.57626400000004,4,recv
439.243,13,send
439.26626400000004,13,recv
439.349,14,send
439.356264,14,recv
439.643,2,send
439.656264,2,recv
439.757,8,send
439.776264,8,recv
440.167,11,send
440.19626400000004,11,recv
440.487,10,send
440.496264,10,recv
441.21602,9,send
441.246264,9,recv
441.558,3,send
441.57626400000004,3,recv
441.804,15,send
441.81626400000005,15,recv
441.842,7,send
441.87626400000005,7,recv
441.928,6,send
441.93626400000005,6,recv
442.739,16,send
442.746264,16,recv
443.056,5,send
443.07626400000004,5,recv
443.295,4,send
443.31,12,send
443.346264,4,recv
443.406264,12,recv
443.91602,13,send
443.94626400000004,13,recv
444.471,14,send
444.486264,14,recv
444.798,10,send
444.81626400000005,10,recv
444.859,2,send
444.87626400000005,2,recv
445.292,9,send
445.32626400000004,9,recv
445.329,11,send
445.356264,11,recv
445.371,8,send
445.38626400000004,8,recv
445.839,15,send
445.866264,15,recv
446.651,6,send
446.676264,6,recv
446.848,3,send
446.856264,3,recv
446.982,7,send
447.00626400000004,7,recv
447.973,13,send
447.996264,13,recv
448.059,4,send
448.086264,4,recv
448.132,5,send
448.14626400000003,5,recv
448.638,16,send
448.656264,16,recv
448.692,14,send
448.716264,14,recv
449.304,12,send
449.31626400000005,12,recv
449.912,11,send
449.93,9,send
449.948,10,send
449.976264,10,recv
450.148,15,send
450.216264,15,recv
450.246264,11,recv
450.36502,2,send
450.39626400000003,2,recv
450.421,8,send
450.426264,8,recv
450.63626400000004,9,recv
450.72602,6,send
450.75626400000004,6,recv
451.081,3,send
451.086264,3,recv
451.248,7,send
451.26626400000004,7,recv
452.799,14,send
452.82626400000004,14,recv
453.127,16,send
453.156264,16,recv
453.413,12,send
453.426264,12,recv
453.689,13,send
453.69626400000004,13,recv
453.728,4,send
453.75626400000004,4,recv
454.119,5,send
454.14626400000003,5,recv
454.824,10,send
454.836264,10,recv
455.034,9,send
455.046264,9,recv
455.183,3,send
455.19626400000004,3,recv
455.52502000000004,6,send
455.544,8,send
455.6,11,send
455.676264,6,recv
455.736264,11,recv
455.796264,8,recv
456.055,15,send
456.06626400000005,15,recv
456.278,2,send
456.306264,2,recv
456.609,7,send
456.63626400000004,7,recv
456.84602,14,send
456.87626400000005,14,recv
457.717,12,send
457.746264,12,recv
458.04602,16,send
458.07626400000004,16,recv
459.39602,4,send
459.426264,4,recv
459.54,13,send
459.546264,13,recv
459.57602,10,send
459.606264,10,recv
459.608,9,send
459.63626400000004,9,recv
459.691,3,send
459.69626400000004,3,recv
459.77,5,send
459.786264,5,recv
459.989,8,send
459.996264,8,recv
460.088,15,send
460.116264,15,recv
460.809,11,send
460.836264,11,recv
460.879,7,send
460.89626400000003,7,recv
461.027,6,send
461.046264,6,recv
461.448,2,send
461.466264,2,recv
461.746,14,send
461.76626400000004,14,recv
462.129,12,send
462.156264,12,recv
463.778,3,send
463.806264,3,recv
463.812,9,send
463.836264,9,recv
463.89602,5,send
463.926264,5,recv
464.022,16,send
464.046264,16,recv
464.97602,4,send
465.00626400000004,4,recv
465.293,13,send
465.306264,13,recv
465.406,8,send
465.426264,8,recv
465.475,10,send
465.486264,10,recv
465.585,15,send
465.606264,15,recv
466.05,7,send
466.056264,7,recv
466.304,11,send
466.32626400000004,11,recv
466.615,6,send
466.62626400000005,6,recv
466.98602,14,send
467.01626400000004,14,recv
467.31502,2,send
467.346264,2,recv
467.804,12,send
467.82626400000004,12,recv
468.30602000000005,5,send
468.336264,5,recv
468.90502000000004,3,send
468.93626400000005,3,recv
469.147,4,send
469.176264,4,recv
469.56602000000004,13,send
469.596264,13,recv
469.65502000000004,16,send
469.68626400000005,16,recv
469.703,9,send
469.716264,9,recv
469.949,10,send
469.95626400000003,10,recv
470.74,11,send
470.76626400000004,11,recv
470.804,15,send
470.82626400000004,15,recv
471.21602,8,send
471.246264,8,recv
471.506,7,send
471.51626400000004,7,recv
471.558,2,send
471.57,6,send
471.63626400000004,6,recv
471.69626400000004,2,recv
472.486,5,send
472.50626400000004,5,recv
472.548,14,send
472.56626400000005,14,recv
473.232,12,send
473.25626400000004,12,recv
474.015,3,send
474.036264,3,recv
474.062,16,send
474.096264,16,recv
474.21602,10,send
474.246264,10,recv
474.751,4,send
474.75626400000004,4,recv
475.006,11,send
475.026264,11,recv
475.131,13,send
475.14626400000003,13,recv
475.44602000000003,9,send
475.476264,9,recv
475.95502,15,send
475.986264,15,recv
476.14,7,send
476.166264,7,recv
476.43602000000004,8,send
476.466264,8,recv
477.109,14,send
477.12626400000005,14,recv
477.387,5,send
477.39626400000003,5,recv
477.467,6,send
477.486264,6,recv
477.519,2,send
477.546264,2,recv
478.065,12,send
478.086264,12,recv
478.636,16,send
478.656264,16,recv
479.428,3,send
479.43626400000005,3,recv
479.528,4,send
479.556264,4,recv
479.835,11,send
479.856264,11,recv
480.023,13,send
480.036264,13,recv
480.101,10,send
480.12626400000005,10,recv
480.607,9,send
480.63626400000004,9,recv
480.975,8,send
480.996264,8,recv
481.2,14,send
481.20626400000003,14,recv
481.794,15,send
481.806264,15,recv
481.818,7,send
481.836264,7,recv
482.756,5,send
482.76626400000004,5,recv
482.816,16,send
482.826,6,send
482.82626400000004,16,recv
482.856264,6,recv
483.084,12,send
483.096264,12,recv
483.505,2,send
483.51626400000004,2,recv
483.571,3,send
483.57626400000004,3,recv
484.059,11,send
484.086264,11,recv
484.99,10,send
485.01626400000004,10,recv
485.032,4,send
485.046264,4,recv
485.063,9,send
485.07626400000004,9,recv
485.205,13,send
485.226264,13,recv
485.682,8,send
485.70626400000003,8,recv
486.828,7,send
486.846264,7,recv
487.063,14,send
487.086264,14,recv
487.361,15,send
487.38626400000004,15,recv
487.545,12,send
487.56626400000005,12,recv
487.74502,2,send
487.776264,2,recv
487.799,16,send
487.806264,16,recv
487.824,6,send
487.836264,6,recv
488.027,5,send
488.046264,5,recv
488.88602000000003,11,send
488.916264,11,recv
489.127,3,send
489.156264,3,recv
489.911,10,send
489.93626400000005,10,recv
490.486,9,send
490.50626400000004,9,recv
490.721,8,send
490.736,4,send
490.806264,8,recv
490.836264,4,recv
491.183,13,send
491.19626400000004,13,recv
491.462,15,send
491.496264,15,recv
491.805,12,send
491.819,7,send
491.856264,12,recv
491.916264,7,recv
491.982,2,send
492.00626400000004,2,recv
492.27502000000004,14,send
492.306264,14,recv
493.35602,6,send
493.38626400000004,6,recv
493.575,5,send
493.596264,5,recv
493.754,16,send
493.776264,16,recv
494.531,11,send
494.556264,11,recv
494.691,3,send
494.70626400000003,3,recv
495.66,9,send
495.666264,9,recv
495.764,10,send
495.786264,10,recv
495.912,13,send
495.916,8,send
495.996264,13,recv
496.026264,8,recv
496.26,4,send
496.262,2,send
496.26626400000004,4,recv
496.296264,2,recv
496.461,12,send
496.476264,12,recv
496.613,15,send
496.62626400000005,15,recv
497.652,7,send
497.676264,7,recv
497.963,14,send
497.976264,14,recv
498.09602,6,send
498.12626400000005,6,recv
498.268,16,send
498.276264,16,recv
498.96602,11,send
498.996264,11,recv
499.552,5,send
499.56626400000005,5,recv
499.772,3,send
499.806264,3,recv
500.219,9,send
500.226264,9,recv
500.308,13,send
500.31626400000005,13,recv
500.62,10,send
500.64626400000003,10,recv
500.659,12,send
500.676264,12,recv
500.74,8,send
500.76626400000004,8,recv
501.09502000000003,4,send
501.12626400000005,4,recv
502.042,7,send
502.056264,7,recv
502.148,2,send
502.176264,2,recv
502.395,16,send
502.416264,16,recv
502.53602,15,send
502.56626400000005,15,recv
503.25,14,send
503.25626400000004,14,recv
503.541,11,send
503.556264,11,recv
504.044,6,send
504.06626400000005,6,recv
504.678,5,send
504.69626400000004,5,recv
504.909,3,send
504.93626400000005,3,recv
505.242,8,send
505.26626400000004,8,recv
505.32602,10,send
505.356264,10,recv
505.38602000000003,13,send
505.416264,13,recv
505.638,12,send
505.656264,12,recv
506.024,9,send
506.046264,9,recv
506.25602000000003,4,send
506.286264,4,recv
506.612,2,send
506.64626400000003,2,recv
506.689,16,send
506.70626400000003,16,recv
506.88602000000003,7,send
506.916264,7,recv
507.583,15,send
507.606264,15,recv
508.11602,14,send
508.14626400000003,14,recv
509.365,11,send
509.37626400000005,11,recv
509.832,6,send
509.856264,6,recv
509.875,5,send
509.88626400000004,5,recv
510.108,3,send
510.12626400000005,3,recv
510.163,12,send
510.18626400000005,12,recv
510.372,8,send
510.39626400000003,8,recv
510.461,4,send
510.486264,4,recv
510.489,10,send
510.51626400000004,10,recv
511.29602,13,send
511.32626400000004,13,recv
511.64,16,send
511.656264,16,recv
511.71,7,send
511.716264,7,recv
511.736,15,send
511.746264,15,recv
512.021,9,send
512.0462640000001,9,recv
512.506,2,send
512.526264,2,recv
513.482,14,send
513.516264,14,recv
514.521,12,send
514.5362640000001,12,recv
514.884,4,send
514.896264,4,recv
515.273,11,send
515.285624,10,send
515.2862640000001,11,recv
515.316264,10,recv
515.42,5,send
515.436264,5,recv
515.522,3,send
515.556264,3,recv
515.743,6,send
515.766264,6,recv
516.041,8,send
516.066264,8,recv
516.148,13,send
516.1562640000001,13,recv
516.526,15,send
516.5462640000001,15,recv
516.973,7,send
516.996264,7,recv
517.039,2,send
517.056264,2,recv
517.087,9,send
517.116264,9,recv
517.313,16,send
517.326264,16,recv
517.871,14,send
517.896264,14,recv
519.629,3,send
519.636264,3,recv
519.745,4,send
519.756264,4,recv
520.051,12,send
520.056264,12,recv
520.291,8,send
520.2962640000001,8,recv
520.319,10,send
520.326264,10,recv
520.532,5,send
520.566264,5,recv
520.711,11,send
520.716264,11,recv
520.884,6,send
520.896264,6,recv
521.294,13,send
521.316264,13,recv
521.54,7,send
521.556264,7,recv
521.995,15,send
522.006264,15,recv
522.086,9,send
522.096264,9,recv
522.63502,14,send
522.6662640000001,14,recv
523.02602,2,send
523.056264,2,recv
523.091,16,send
523.116264,16,recv
524.722,4,send
524.724,10,send
524.756,5,send
524.8262639999999,10,recv
524.856264,4,recv
524.886264,5,recv
524.912,8,send
524.9462639999999,8,recv
525.269,12,send
525.276264,12,recv
525.352,3,send
525.366264,3,recv
525.8460200000001,6,send
525.876264,6,recv
525.899,13,send
525.906264,13,recv
525.918,7,send
525.9362639999999,7,recv
526.183,11,send
526.2062639999999,11,recv
526.965,9,send
526.986264,9,recv
527.538,14,send
527.5562639999999,14,recv
527.838,15,send
527.856264,15,recv
528.253,2,send
528.276264,2,recv
528.899,16,send
528.906264,16,recv
529.246,10,send
529.266264,10,recv
529.495,12,send
529.506264,12,recv
529.621,5,send
529.626264,5,recv
530.056,4,send
530.0762639999999,4,recv
530.2550200000001,8,send
530.286264,8,recv
530.477,7,send
530.496264,7,recv
530.677,6,send
530.7062639999999,6,recv
530.835,3,send
530.856264,3,recv
531.069,11,send
531.096264,11,recv
531.107,13,send
531.126264,13,recv
531.922,15,send
531.9362639999999,15,recv
532.552,9,send
532.5662639999999,9,recv
533.025,14,send
533.046264,14,recv
533.142,2,send
533.166264,2,recv
533.228,16,send
533.256264,16,recv
533.592,12,send
533.616264,12,recv
533.828,5,send
533.851,10,send
533.9462639999999,10,recv
533.976264,5,recv
534.383,4,send
534.396264,4,recv
534.927,3,send
534.9362639999999,3,recv
535.131,8,send
535.146264,8,recv
535.559,7,send
535.562,6,send
535.5662639999999,7,recv
535.596264,6,recv
536.28502,13,send
536.298,15,send
536.376264,15,recv
536.406264,13,recv
536.933,9,send
536.9462639999999,9,recv
537.032,11,send
537.0662639999999,11,recv
537.505,16,send
537.516264,16,recv
537.72,12,send
537.726264,12,recv
537.84502,2,send
537.876264,2,recv
538.917,14,send
538.926264,14,recv
539.229,4,send
539.256264,4,recv
539.303,10,send
539.3162639999999,10,recv
539.468,5,send
539.496264,5,recv
540.081,3,send
540.096264,3,recv
540.536,13,send
540.546264,13,recv
540.583,8,send
540.606264,8,recv
540.921,6,send
540.9362639999999,6,recv
541.177,11,send
541.2062639999999,11,recv
541.269,15,send
541.296264,15,recv
541.349,7,send
541.356264,7,recv
541.89602,9,send
541.926264,9,recv
542.401,2,send
542.406264,2,recv
542.457,12,send
542.4662639999999,12,recv
542.82602,16,send
542.856264,16,recv
543.6060200000001,4,send
543.636264,4,recv
544.391,10,send
544.416264,10,recv
544.457,14,send
544.476264,14,recv
544.737,5,send
544.746264,5,recv
545.288,15,send
545.3162639999999,15,recv
545.621,3,send
545.646264,3,recv
546.099,7,send
546.126264,7,recv
546.18502,13,send
546.2162639999999,13,recv
546.284,8,send
546.3062639999999,8,recv
546.497,2,send
546.516264,2,recv
546.565,11,send
546.5762639999999,11,recv
546.743,6,send
546.756264,6,recv
547.639,9,send
547.656264,9,recv
547.74602,12,send
547.759,16,send
547.823,4,send
547.866264,16,recv
547.9562639999999,4,recv
547.986264,12,recv
548.595,14,send
548.616264,14,recv
549.478,5,send
549.486264,5,recv
550.073,10,send
550.0862639999999,10,recv
550.16,15,send
550.176264,15,recv
550.215,3,send
550.236264,3,recv
550.53602,2,send
550.5662639999999,2,recv
550.829,7,send
550.8362639999999,7,recv
551.603,6,send
551.616264,6,recv
552.05,11,send
552.053,13,send
552.126264,13,recv
552.1862639999999,11,recv
552.19,8,send
552.2162639999999,8,recv
552.749,16,send
552.756264,16,recv
553.048,12,send
553.0562639999999,12,recv
553.119,9,send
553.146264,9,recv
553.251,4,send
553.266264,4,recv
554.235,5,send
554.256264,5,recv
554.469,3,send
554.496264,3,recv
554.533,14,send
554.5562639999999,14,recv
554.952,15,send
554.976264,15,recv
555.298,2,send
555.3062639999999,2,recv
555.563,7,send
555.5762639999999,7,recv
555.71,10,send
555.726264,10,recv
556.166,13,send
556.176264,13,recv
556.313,8,send
556.3262639999999,8,recv
556.86602,6,send
556.896264,6,recv
557.115,11,send
557.136264,11,recv
557.169,12,send
557.1962639999999,12,recv
558.06602,16,send
558.096264,16,recv
558.297,9,send
558.3062639999999,9,recv
558.956,4,send
558.9662639999999,4,recv
559.072,3,send
559.0862639999999,3,recv
559.8,2,send
559.8062639999999,2,recv
559.814,10,send
559.816,7,send
559.871,14,send
559.896264,14,recv
559.926264,10,recv
559.9562639999999,7,recv
560.041,5,send
560.046264,5,recv
560.682,15,send
560.7062639999999,15,recv
560.903,13,send
560.916264,13,recv
561.461,8,send
561.486264,8,recv
561.991,12,send
561.996264,12,recv
562.038,6,send
562.0562639999999,6,recv
562.17602,11,send
562.2062639999999,11,recv
563.19502,4,send
563.226264,4,recv
563.351,9,send
563.376264,9,recv
563.546,16,send
563.5562639999999,16,recv
563.89,3,send
563.916264,3,recv
564.537,2,send
564.546264,2,recv
564.563,10,send
564.5762639999999,10,recv
564.717,15,send
564.726264,15,recv
564.99602,7,send
565.026264,7,recv
565.089,5,send
565.116264,5,recv
565.279,14,send
565.296264,14,recv
565.856,8,send
565.866264,8,recv
566.229,12,send
566.256264,12,recv
566.46,11,send
566.4662639999999,11,recv
566.665,13,send
566.676264,13,recv
567.409,6,send
567.426264,6,recv
567.852,9,send
567.876264,9,recv
568.778,4,send
568.8062639999999,4,recv
569.082,10,send
569.106264,10,recv
569.401,7,send
569.406264,7,recv
569.43,16,send
569.4362639999999,16,recv
569.816,3,send
569.8262639999999,3,recv
570.024,2,send
570.036264,2,recv
570.09502,5,send
570.126264,5,recv
570.33602,15,send
570.366264,15,recv
570.554,14,send
570.5762639999999,14,recv
570.912,8,send
570.9362639999999,8,recv
571.329,13,send
571.356264,13,recv
571.63,12,send
571.656264,12,recv
571.979,11,send
571.986264,11,recv
572.247,6,send
572.256264,6,recv
572.808,4,send
572.8262639999999,4,recv
572.83,9,send
572.856264,9,recv
573.891,7,send
573.906264,7,recv
574.159,3,send
574.176264,3,recv
574.348,5,send
574.354624,16,send
574.356264,5,recv
574.386264,16,recv
574.824,15,send
574.8362639999999,15,recv
574.98,2,send
574.986264,2,recv
575.048,8,send
575.0762639999999,8,recv
575.082,10,send
575.106264,10,recv
575.146,14,send
575.166264,14,recv
576.878,12,send
576.906264,12,recv
577.047,11,send
577.0562639999999,11,recv
577.142,13,send
577.176264,13,recv
577.785,4,send
577.8062639999999,4,recv
578.153,9,send
578.154,6,send
578.1962639999999,6,recv
578.256264,9,recv
578.831,16,send
578.856264,16,recv
579.115,10,send
579.126264,10,recv
579.227,3,send
579.246264,3,recv
579.281,5,send
579.3062639999999,5,recv
579.431,7,send
579.4562639999999,7,recv
579.88,8,send
579.906264,8,recv
580.467,14,send
580.476264,14,recv
580.544,15,send
580.5662639999999,15,recv
580.786,2,send
580.8062639999999,2,recv
581.257,12,send
581.286264,12,recv
581.881,13,send
581.886264,13,recv
582.502,11,send
582.516264,11,recv
582.63,6,send
582.636264,6,recv
582.809,4,send
582.8162639999999,4,recv
583.612,3,send
583.626264,3,recv
583.677,16,send
583.6862639999999,16,recv
583.848,9,send
583.866264,9,recv
583.958,10,send
583.986264,10,recv
584.367,5,send
584.376264,5,recv
584.407,7,send
584.4362639999999,7,recv
584.91,14,send
584.916264,14,recv
585.071,2,send
585.096264,2,recv
585.566,8,send
585.5762639999999,8,recv
585.629,12,send
585.636264,12,recv
586.45,15,send
586.476264,15,recv
586.969,13,send
586.986264,13,recv
587.082,4,send
587.106264,4,recv
587.209,6,send
587.226264,6,recv
587.2550200000001,11,send
587.286264,11,recv
587.87,16,send
587.886264,16,recv
588.441,7,send
588.4562639999999,7,recv
588.891,3,send
588.906264,3,recv
589.456,5,send
589.476264,5,recv
589.568,10,send
589.596264,10,recv
589.728,9,send
589.746264,9,recv
589.814,14,send
589.8362639999999,14,recv
589.883,2,send
589.896264,2,recv
590.422,12,send
590.4362639999999,12,recv
591.133,13,send
591.156264,13,recv
591.156264,8,send
591.1862639999999,8,recv
591.69602,6,send
591.726264,6,recv
591.764,15,send
591.786264,15,recv
591.90602,16,send
591.9362639999999,16,recv
591.969,4,send
591.996264,4,recv
593.01602,11,send
593.046264,11,recv
594.0,5,send
594.006264,5,recv
594.104,3,send
594.119,7,send
594.1862639999999,7,recv
594.2162639999999,3,recv
594.856,10,send
594.876264,10,recv
594.924,9,send
594.9362639999999,9,recv
595.017,14,send
595.026264,14,recv
595.178,2,send
595.2062639999999,2,recv
595.5960200000001,12,send
595.626264,12,recv
595.74602,8,send
595.776264,8,recv
595.95602,15,send
595.986264,15,recv
596.12,13,send
596.136264,13,recv
596.43502,16,send
596.4662639999999,16,recv
596.64602,6,send
596.676264,6,recv
596.82602,4,send
596.856264,4,recv
598.436,11,send
598.4462639999999,11,recv
599.206,5,send
599.226264,5,recv
599.419,7,send
599.4362639999999,7,recv
599.543,14,send
599.5562639999999,14,recv
599.784,12,send
599.796264,12,recv
599.812,3,send
599.8262639999999,3,recv
599.942,8,send
599.976264,8,recv
600.542,10,send
600.571,9,send
600.636264,9,recv
600.666264,10,recv
600.943,2,send
600.9662639999999,2,recv
601.0,15,send
601.026264,15,recv
601.137,6,send
601.146264,6,recv
601.692,13,send
601.7162639999999,13,recv
602.029,16,send
602.046264,16,recv
602.558,4,send
602.5862639999999,4,recv
604.34,11,send
604.356264,11,recv
604.452,7,send
604.476264,7,recv
604.89602,5,send
604.926264,5,recv
604.936,12,send
604.9562639999999,12,recv
605.1060200000001,14,send
605.113,8,send
605.1962639999999,8,recv
605.226264,14,recv
605.279,10,send
605.286264,10,recv
605.739,15,send
605.753,3,send
605.796264,15,recv
605.8262639999999,3,recv
606.389,16,send
606.396264,16,recv
606.412,9,send
606.426264,9,recv
606.478,2,send
606.486264,2,recv
606.54602,6,send
606.5762639999999,6,recv
607.315,13,send
607.3262639999999,13,recv
607.508,4,send
607.536264,4,recv
608.737,11,send
608.766264,11,recv
609.175,5,send
609.1862639999999,5,recv
609.8,7,send
609.8162639999999,7,recv
609.895,15,send
609.9046239999999,3,send
609.906264,15,recv
609.91,14,send
609.9662639999999,3,recv
610.026264,14,recv
610.65602,12,send
610.6862639999999,12,recv
610.906,2,send
610.926264,2,recv
610.969,10,send
610.986264,10,recv
611.027,8,send
611.046264,8,recv
611.771,6,send
611.788,16,send
611.804,9,send
611.8262639999999,9,recv
611.851,13,send
611.916264,6,recv
611.9462639999999,13,recv
611.951,4,send
611.976264,4,recv
612.0662639999999,16,recv
613.958,5,send
613.986264,5,recv
614.232,14,send
614.256264,14,recv
614.381,3,send
614.406264,3,recv
614.518,11,send
614.526264,11,recv
614.773,7,send
614.796264,7,recv
615.258,15,send
615.276264,15,recv
616.093,13,send
616.095,4,send
616.11,8,send
616.146264,8,recv
616.169,12,send
616.176264,12,recv
616.266264,13,recv
616.296264,4,recv
616.499,10,send
616.506264,10,recv
616.764,2,send
616.776264,2,recv
616.857,9,send
616.866264,9,recv
617.13602,6,send
617.166264,6,recv
617.527,16,send
617.5562639999999,16,recv
618.58,3,send
618.606264,3,recv
618.881,14,send
618.906264,14,recv
619.507,15,send
619.536264,15,recv
619.58,5,send
619.596264,5,recv
619.943,11,send
619.9562639999999,11,recv
619.962,7,send
619.986264,7,recv
620.367,13,send
620.376264,13,recv
620.769,2,send
620.796264,2,recv
621.07,4,send
621.096264,4,recv
621.343,8,send
621.366264,8,recv
621.506,10,send
621.516264,10,recv
621.638,9,send
621.666264,9,recv
621.745,16,send
621.756264,16,recv
621.91,12,send
621.9362639999999,12,recv
622.14,6,send
622.146264,6,recv
624.2,3,send
624.2162639999999,3,recv
624.30602,15,send
624.3362639999999,15,recv
624.797,14,send
624.8162639999999,14,recv
624.976,7,send
624.996264,7,recv
625.29602,13,send
625.3262639999999,13,recv
625.419,5,send
625.4462639999999,5,recv
625.727,9,send
625.746264,9,recv
625.777,4,send
625.8062639999999,4,recv
625.891,11,send
625.896264,11,recv
625.904,2,send
625.926264,2,recv
626.155,12,send
626.166264,12,recv
626.294,16,send
626.3162639999999,16,recv
626.51,10,send
626.526264,10,recv
626.619,6,send
626.646264,6,recv
627.12602,8,send
627.156264,8,recv
628.972,3,send
628.986264,3,recv
629.31502,14,send
629.346264,14,recv
629.52502,7,send
629.5562639999999,7,recv
629.879,15,send
629.886264,15,recv
629.91602,13,send
629.9462639999999,13,recv
630.164,2,send
630.1862639999999,2,recv
630.932,4,send
630.9662639999999,4,recv
631.081,5,send
631.0862639999999,5,recv
631.212,6,send
631.236264,6,recv
631.45,12,send
631.476264,12,recv
631.65,9,send
631.656264,9,recv
631.762,16,send
631.776264,16,recv
631.814,11,send
631.8362639999999,11,recv
631.846,8,send
631.866264,8,recv
632.143,10,send
632.166264,10,recv
633.792,7,send
633.8162639999999,7,recv
634.104,15,send
634.116264,15,recv
634.157,13,send
634.176264,13,recv
634.44602,14,send
634.476264,14,recv
634.971,3,send
634.986264,3,recv
635.67602,6,send
635.701,2,send
635.736264,2,recv
635.776,9,send
635.796264,9,recv
635.8262639999999,6,recv
635.988,16,send
636.006264,16,recv
636.027,12,send
636.036264,12,recv
636.684,5,send
636.696,8,send
636.6962639999999,5,recv
636.726264,8,recv
636.81502,4,send
636.846264,4,recv
637.041,11,send
637.0562639999999,11,recv
637.393,10,send
637.416264,10,recv
638.302,13,send
638.3162639999999,13,recv
638.813,14,send
638.8262639999999,14,recv
639.402,7,send
639.426264,7,recv
639.734,15,send
639.756264,15,recv
640.091,6,send
640.116264,6,recv
640.237,12,send
640.262,16,send
640.266264,12,recv
640.296264,16,recv
640.417,3,send
640.4462639999999,3,recv
640.527,9,send
640.536264,9,recv
641.056,8,send
641.0762639999999,8,recv
641.647,2,send
641.676264,2,recv
641.77,5,send
641.796264,5,recv
641.834,11,send
641.856264,11,recv
641.861,4,send
641.886264,4,recv
643.088,10,send
643.116264,10,recv
643.192,13,send
643.2062639999999,13,recv
643.629,7,send
643.656264,7,recv
644.035,14,send
644.046264,14,recv
644.55502,15,send
644.5862639999999,15,recv
644.761,16,send
644.766264,16,recv
644.875,9,send
644.886264,9,recv
644.992,6,send
645.006264,6,recv
645.015,3,send
645.036264,3,recv
645.34,12,send
645.366264,12,recv
646.11602,4,send
646.124,8,send
646.2062639999999,8,recv
646.266264,4,recv
646.523,2,send
646.536264,2,recv
646.77602,5,send
646.8062639999999,5,recv
647.272,11,send
647.286264,11,recv
647.877,13,send
647.886264,13,recv
647.986,7,send
648.006264,7,recv
648.262,10,send
648.276264,10,recv
649.058,3,send
649.0862639999999,3,recv
649.472,16,send
649.49,12,send
649.6862639999999,12,recv
649.758,14,send
649.776264,14,recv
649.866264,16,recv
650.217,15,send
650.226264,15,recv
650.25602,9,send
650.286264,9,recv
650.311,6,send
650.3162639999999,6,recv
650.441,8,send
650.4662639999999,8,recv
651.676,4,send
651.6962639999999,4,recv
652.17602,2,send
652.189,5,send
652.236264,5,recv
652.266264,2,recv
652.38602,11,send
652.416264,11,recv
652.6,13,send
652.626264,13,recv
652.719,10,send
652.746264,10,recv
652.83502,7,send
652.866264,7,recv
653.94602,3,send
653.976264,3,recv
654.088,12,send
654.096264,12,recv
654.203,16,send
654.2162639999999,16,recv
654.61,14,send
654.619,15,send
654.6962639999999,14,recv
654.726264,15,recv
655.05602,6,send
655.0862639999999,6,recv
655.8650200000001,9,send
655.896264,9,recv
656.086,8,send
656.106264,8,recv
656.921,2,send
656.9462639999999,2,recv
657.011,13,send
657.036264,13,recv
657.157,4,send
657.169,10,send
657.2162639999999,10,recv
657.269,11,send
657.291,7,send
657.33502,5,send
657.426264,5,recv
657.516264,4,recv
657.546264,11,recv
657.606264,7,recv
658.784,12,send
658.8062639999999,12,recv
659.25602,14,send
659.265,16,send
659.346264,14,recv
659.376264,16,recv
659.86,3,send
659.886264,3,recv
659.929,15,send
659.9462639999999,15,recv
661.05602,6,send
661.0862639999999,6,recv
661.252,8,send
661.266264,8,recv
661.314,2,send
661.3262639999999,2,recv
661.44602,5,send
661.476264,5,recv
661.483,9,send
661.506264,9,recv
661.92602,10,send
661.9562639999999,10,recv
662.11,13,send
662.136264,13,recv
662.142,4,send
662.166264,4,recv
662.169,7,send
662.1962639999999,7,recv
662.478,11,send
662.496264,11,recv
663.397,16,send
663.426264,16,recv
664.185,15,send
664.2062639999999,15,recv
664.657,14,send
664.685624,12,send
664.6862639999999,14,recv
664.7162639999999,12,recv
665.187,3,send
665.1962639999999,3,recv
666.361,2,send
666.366264,2,recv
666.467,8,send
666.486264,8,recv
666.488,10,send
666.516264,10,recv
666.57602,9,send
666.606264,9,recv
666.69502,6,send
666.726264,6,recv
666.796,5,send
666.8162639999999,5,recv
667.061,11,send
667.0862639999999,11,recv
667.271,13,send
667.296264,13,recv
667.828,7,send
667.8362639999999,7,recv
668.029,4,send
668.046264,4,recv
668.876,16,send
668.886264,16,recv
669.047,12,send
669.0662639999999,12,recv
669.127,14,send
669.156264,14,recv
669.318,15,send
669.3362639999999,15,recv
670.615,8,send
670.626264,8,recv
670.83,2,send
670.8362639999999,2,recv
671.063,3,send
671.0762639999999,3,recv
671.128,6,send
671.136264,6,recv
671.288,9,send
671.3162639999999,9,recv
671.684,10,send
671.7062639999999,10,recv
672.07,5,send
672.096264,5,recv
672.152,13,send
672.1862639999999,13,recv
672.714,7,send
672.726264,7,recv
672.796,4,send
672.8162639999999,4,recv
672.931,11,send
672.9362639999999,11,recv
673.239,12,send
673.266264,12,recv
674.086,14,send
674.106264,14,recv
674.3460200000001,16,send
674.376264,16,recv
675.175,15,send
675.1862639999999,15,recv
675.921,6,send
675.9362639999999,6,recv
676.05602,8,send
676.0862639999999,8,recv
676.404,9,send
676.406,3,send
676.4462639999999,9,recv
676.506264,3,recv
676.614,2,send
676.626264,2,recv
676.739,10,send
676.746264,10,recv
677.443,13,send
677.4662639999999,13,recv
677.684,5,send
677.7062639999999,5,recv
677.789,4,send
677.796264,4,recv
678.161,12,send
678.1862639999999,12,recv
678.312,14,send
678.3362639999999,14,recv
678.409,7,send
678.412,11,send
678.4562639999999,11,recv
678.486264,7,recv
679.673,16,send
679.6862639999999,16,recv
680.19502,15,send
680.226264,15,recv
680.56,3,send
680.5862639999999,3,recv
681.42,8,send
681.426264,8,recv
681.445,10,send
681.4562639999999,10,recv
681.578,9,send
681.606264,9,recv
681.626,6,send
681.636264,6,recv
681.976,4,send
681.996264,4,recv
682.164,2,send
682.176264,2,recv
682.348,12,send
682.356264,12,recv
682.38602,13,send
682.416264,13,recv
682.483,5,send
682.506264,5,recv
683.027,14,send
683.046264,14,recv
683.227,11,send
683.256264,11,recv
683.815,7,send
683.8262639999999,7,recv
683.845,16,send
683.856264,16,recv
685.649,6,send
685.656264,6,recv
686.059,15,send
686.0762639999999,15,recv
686.244,3,send
686.256264,3,recv
686.491,2,send
686.496264,2,recv
686.565,10,send
686.5862639999999,10,recv
686.669,8,send
686.676264,8,recv
687.422,12,send
687.4562639999999,12,recv
687.495,4,send
687.516264,4,recv
687.53,9,send
687.546264,9,recv
687.554,5,send
687.5762639999999,5,recv
688.14602,13,send
688.176264,13,recv
688.461,7,send
688.476264,7,recv
688.608,14,send
688.626264,14,recv
688.634,11,send
688.656264,11,recv
688.68502,16,send
688.7162639999999,16,recv
689.714,6,send
689.736264,6,recv
691.256,8,send
691.266264,8,recv
691.38602,2,send
691.41,3,send
691.449,15,send
691.476264,15,recv
691.506264,2,recv
691.536264,3,recv
691.61,10,send
691.626264,10,recv
692.486,12,send
692.496264,12,recv
692.71,14,send
692.736264,14,recv
692.812,11,send
692.8262639999999,11,recv
693.06602,4,send
693.078,9,send
693.126264,4,recv
693.1862639999999,9,recv
693.288,5,send
693.3062639999999,5,recv
693.39,16,send
693.396264,16,recv
693.72,7,send
693.726264,7,recv
693.851,13,send
693.876264,13,recv
695.471,6,send
695.496264,6,recv
695.509,3,send
695.526264,3,recv
695.78,15,send
695.796264,15,recv
695.987,10,send
696.006264,10,recv
696.148,2,send
696.156264,2,recv
696.29,8,send
696.3062639999999,8,recv
696.842,14,send
696.876264,14,recv
696.93502,12,send
696.9662639999999,12,recv
697.616,11,send
697.626264,11,recv
698.066,5,send
698.0762639999999,5,recv
698.399,4,send
698.406264,4,recv
698.568,7,send
698.5862639999999,7,recv
699.046,9,send
699.0662639999999,9,recv
699.127,16,send
699.156264,16,recv
699.782,13,send
699.811,15,send
699.876264,13,recv
699.9362639999999,15,recv
700.049,3,send
700.0562639999999,3,recv
700.692,10,send
700.7162639999999,10,recv
700.848,6,send
700.866264,6,recv
700.974,2,send
700.986264,2,recv
701.14,8,send
701.166264,8,recv
701.28,12,send
701.286264,12,recv
701.79602,14,send
701.8262639999999,14,recv
702.229,11,send
702.246264,11,recv
702.644,4,send
702.666264,4,recv
702.8460200000001,7,send
702.876264,7,recv
703.045,5,send
703.0562639999999,5,recv
703.2,9,send
703.2062639999999,9,recv
704.4660200000001,15,send
704.496264,15,recv
705.026,16,send
705.036264,16,recv
705.324,13,send
705.3362639999999,13,recv
705.382,3,send
705.396264,3,recv
705.497,8,send
705.516264,8,recv
705.65,12,send
705.666264,12,recv
705.878,10,send
705.906264,10,recv
706.29602,6,send
706.3262639999999,6,recv
706.55,2,send
706.5662639999999,2,recv
706.883,4,send
706.896264,4,recv
707.239,11,send
707.256264,11,recv
707.582,7,send
707.588,14,send
707.7062639999999,7,recv
707.736264,14,recv
708.769,9,send
708.786264,9,recv
708.943,5,send
708.9662639999999,5,recv
709.418,13,send
709.4462639999999,13,recv
710.384,15,send
710.406264,15,recv
710.625,6,send
710.646264,6,recv
710.7,16,send
710.7062639999999,16,recv
711.098,3,send
711.11,8,send
711.147,12,send
711.1862639999999,3,recv
711.2162639999999,12,recv
711.29,10,send
711.3062639999999,10,recv
711.366264,8,recv
711.662,14,send
711.6962639999999,14,recv
712.1150200000001,2,send
712.146264,2,recv
712.424,4,send
712.4462639999999,4,recv
712.817,7,send
712.8362639999999,7,recv
712.982,5,send
713.016264,5,recv
713.129,11,send
713.136264,11,recv
714.323,9,send
714.3362639999999,9,recv
714.941,16,send
714.96,13,send
714.996264,16,recv
715.0862639999999,13,recv
715.479,15,send
715.506264,15,recv
715.515,6,send
715.536264,6,recv
715.855,3,send
715.866264,3,recv
715.973,10,send
715.986264,10,recv
716.64502,14,send
716.676264,14,recv
716.7,12,send
716.7062639999999,12,recv
716.724,8,send
716.736264,8,recv
716.772,2,send
716.796264,2,recv
717.196,5,send
717.2162639999999,5,recv
717.958,4,send
717.9662639999999,4,recv
718.13,11,send
718.146264,11,recv
718.162,7,send
718.176264,7,recv
719.052,13,send
719.0762639999999,13,recv
719.393,9,send
719.406264,9,recv
720.36602,3,send
720.396264,3,recv
720.475,16,send
720.486264,16,recv
720.499,15,send
720.516264,15,recv
720.865,10,send
720.876,6,send
720.876264,10,recv
720.906264,6,recv
721.297,14,send
721.3262639999999,14,recv
722.028,5,send
722.046264,5,recv
722.264,4,send
722.279,2,send
722.346264,4,recv
722.406264,2,recv
722.47,12,send
722.496264,12,recv
722.61602,8,send
722.646264,8,recv
722.912,11,send
722.9462639999999,11,recv
723.166,7,send
723.1862639999999,7,recv
723.962,13,send
723.996264,13,recv
725.212,15,send
725.217,9,send
725.286264,15,recv
725.406264,9,recv
725.629,14,send
725.646264,14,recv
725.709,10,send
725.736264,10,recv
725.865,16,send
725.886264,16,recv
725.968,3,send
725.976264,3,recv
726.482,6,send
726.516264,6,recv
726.558,5,send
726.5762639999999,5,recv
727.193,12,send
727.2062639999999,12,recv
727.614,2,send
727.626264,2,recv
727.951,4,send
727.9562639999999,4,recv
728.507,13,send
728.526264,13,recv
728.573,8,send
728.5862639999999,8,recv
728.841,11,send
728.856264,11,recv
728.935,7,send
728.9462639999999,7,recv
729.33602,15,send
729.366264,15,recv
729.746,9,send
729.756264,9,recv
729.82,10,send
729.846264,10,recv
730.37,3,send
730.386264,3,recv
730.621,6,send
730.626264,6,recv
730.778,16,send
730.8062639999999,16,recv
730.936,14,send
730.9562639999999,14,recv
731.258,12,send
731.286264,12,recv
731.963,5,send
731.976264,5,recv
732.217,2,send
732.246264,2,recv
732.326,4,send
732.3362639999999,4,recv
733.141,8,send
733.146264,8,recv
733.998,7,send
734.01,11,send
734.0762639999999,11,recv
734.079,13,send
734.106264,13,recv
734.136264,7,recv
734.372,9,send
734.406264,9,recv
735.0,15,send
735.006264,15,recv
735.338,3,send
735.366264,3,recv
735.402,10,send
735.426264,10,recv
735.592,16,send
735.606264,16,recv
735.617,14,send
735.636264,14,recv
736.005,6,send
736.026264,6,recv
737.213,12,send
737.226264,12,recv
737.503,4,send
737.526264,4,recv
737.714,5,send
737.736264,5,recv
737.813,2,send
737.8262639999999,2,recv
738.197,8,send
738.2162639999999,8,recv
738.325,11,send
738.3362639999999,11,recv
738.345,7,send
738.366264,7,recv
738.728,9,send
738.756264,9,recv
739.62602,13,send
739.656264,13,recv
740.052,6,send
740.0762639999999,6,recv
740.121,10,send
740.136264,10,recv
740.287,15,send
740.3162639999999,15,recv
740.448,16,send
740.4662639999999,16,recv
740.599,3,send
740.616264,3,recv
740.899,14,send
740.916264,14,recv
741.36602,12,send
741.396264,12,recv
743.005,4,send
743.016264,4,recv
743.233,2,send
743.256264,2,recv
743.305,5,send
743.3162639999999,5,recv
743.636,8,send
743.646264,8,recv
744.203,9,send
744.2162639999999,9,recv
744.22,13,send
744.223,7,send
744.267,11,send
744.276264,11,recv
744.3362639999999,13,recv
744.396264,7,recv
744.45,10,send
744.4562639999999,10,recv
745.257,6,send
745.266264,6,recv
745.28,16,send
745.296264,16,recv
745.412,12,send
745.4462639999999,12,recv
745.605,3,send
745.626264,3,recv
745.65602,14,send
745.6862639999999,14,recv
746.089,15,send
746.106264,15,recv
747.945,4,send
747.9662639999999,4,recv
748.139,5,send
748.146264,5,recv
748.349,2,send
748.356264,2,recv
749.16602,9,send
749.1962639999999,9,recv
749.312,13,send
749.346264,13,recv
749.37602,8,send
749.406264,8,recv
749.419,11,send
749.4362639999999,11,recv
749.755,7,send
749.766264,7,recv
749.82602,14,send
749.856264,14,recv
749.87,3,send
749.886264,3,recv
750.12602,10,send
750.129,12,send
750.171,16,send
750.2162639999999,10,recv
750.281,15,send
750.366264,16,recv
750.396264,12,recv
750.426264,15,recv
751.0,6,send
751.026264,6,recv
752.88,2,send
752.886264,2,recv
753.742,5,send
753.756264,5,recv
753.9,4,send
753.906264,4,recv
754.20502,9,send
754.236264,9,recv
754.678,3,send
754.6862639999999,13,send
754.6862639999999,3,recv
754.7162639999999,13,recv
754.772,7,send
754.8062639999999,7,recv
754.879,8,send
754.896264,8,recv
755.16,16,send
755.166264,16,recv
755.247,10,send
755.256264,10,recv
755.327,12,send
755.346264,12,recv
755.396,11,send
755.406264,11,recv
755.51,15,send
755.526264,15,recv
755.8,14,send
755.8262639999999,14,recv
756.738,6,send
756.756264,6,recv
757.824,5,send
757.8362639999999,5,recv
757.921,2,send
757.926264,2,recv
758.081,4,send
758.106264,4,recv
759.427,7,send
759.4562639999999,7,recv
759.581,12,send
759.606264,12,recv
759.627,16,send
759.636264,16,recv
759.71,10,send
759.726264,10,recv
759.759,8,send
759.786264,8,recv
759.81602,3,send
759.846264,3,recv
759.87602,9,send
759.906264,9,recv
760.409,13,send
760.416264,13,recv
760.529,14,send
760.536264,14,recv
760.939,6,send
760.9562639999999,6,recv
761.191,11,send
761.1962639999999,11,recv
761.46,15,send
761.4662639999999,15,recv
762.54602,4,send
762.5762639999999,4,recv
763.208,5,send
763.236264,5,recv
763.258,2,send
763.266264,2,recv
764.123,9,send
764.136264,9,recv
764.587,12,send
764.616264,12,recv
764.628,7,send
764.646264,7,recv
764.697,8,send
764.7062639999999,8,recv
764.755,13,send
764.766264,13,recv
765.032,10,send
765.0662639999999,10,recv
765.099,14,send
765.126264,14,recv
765.281,16,send
765.3062639999999,16,recv
765.619,3,send
765.636264,3,recv
765.733,11,send
765.756264,11,recv
765.908,15,send
765.9362639999999,15,recv
766.56602,6,send
766.596264,6,recv
767.499,5,send
767.526264,5,recv
767.599,4,send
767.616264,4,recv
767.989,2,send
768.006264,2,recv
768.7,9,send
768.726264,9,recv
768.747,8,send
768.756264,8,recv
768.902,7,send
768.9362639999999,7,recv
769.08602,12,send
769.116264,12,recv
769.316,16,send
769.3262639999999,16,recv
769.7160200000001,13,send
769.746264,13,recv
769.932,11,send
769.9562639999999,11,recv
770.233,10,send
770.256264,10,recv
770.413,3,send
770.4362639999999,3,recv
770.575,14,send
770.5862639999999,14,recv
771.429,15,send
771.4562639999999,15,recv
771.676,6,send
771.6962639999999,6,recv
772.269,4,send
772.296264,4,recv
772.52,5,send
772.536264,5,recv
773.31,7,send
773.3162639999999,7,recv
773.413,16,send
773.4362639999999,16,recv
773.455,8,send
773.4662639999999,8,recv
773.79502,12,send
773.8262639999999,12,recv
773.85,2,send
773.856264,2,recv
774.572,9,send
774.606264,9,recv
774.852,10,send
774.876264,10,recv
774.90502,14,send
774.9362639999999,14,recv
775.046,13,send
775.0562639999999,13,recv
775.428,3,send
775.4462639999999,3,recv
775.735,11,send
775.746264,11,recv
776.13602,15,send
776.166264,15,recv
776.476,6,send
776.496264,6,recv
777.12,4,send
777.126264,4,recv
777.567,7,send
777.5762639999999,7,recv
778.123,8,send
778.125,2,send
778.168,5,send
778.176264,5,recv
778.236264,8,recv
778.4462639999999,2,recv
778.789,12,send
778.8062639999999,12,recv
779.15,9,send
779.166264,9,recv
779.413,16,send
779.4362639999999,16,recv
779.988,14,send
780.006264,14,recv
780.325,10,send
780.3362639999999,10,recv
780.446,11,send
780.4562639999999,11,recv
780.619,13,send
780.636264,13,recv
781.08602,3,send
781.116264,3,recv
781.748,4,send
781.776264,4,recv
781.831,15,send
781.8362639999999,15,recv
781.943,6,send
781.9562639999999,6,recv
782.247,8,send
782.256264,8,recv
782.788,7,send
782.796264,7,recv
783.1250200000001,5,send
783.156264,5,recv
783.713,2,send
783.726264,2,recv
783.86,9,send
783.876264,9,recv
784.17502,14,send
784.2062639999999,14,recv
784.449,10,send
784.454,12,send
784.626264,12,recv
784.656264,10,recv
784.704,16,send
784.7162639999999,16,recv
785.064,11,send
785.0762639999999,11,recv
785.266,3,send
785.286264,3,recv
786.475,13,send
786.486264,13,recv
786.533,4,send
786.546264,4,recv
786.56,8,send
786.5762639999999,8,recv
786.619,15,send
786.636264,15,recv
787.071,7,send
787.0862639999999,7,recv
787.337,6,send
787.356264,6,recv
788.258,2,send
788.273,9,send
788.3162639999999,9,recv
788.406264,2,recv
788.782,5,send
788.796264,5,recv
788.848,10,send
788.856264,10,recv
788.873,12,send
788.886264,12,recv
789.41,14,send
789.426264,14,recv
790.545,16,send
790.561,13,send
790.596264,16,recv
790.6862639999999,13,recv
790.712,3,send
790.746264,3,recv
790.883,11,send
790.896264,11,recv
791.362,4,send
791.376264,4,recv
791.8560200000001,15,send
791.886264,15,recv
792.043,7,send
792.0662639999999,7,recv
792.27,8,send
792.276264,8,recv
792.629,6,send
792.636264,6,recv
793.111,10,send
793.116264,10,recv
793.142,9,send
793.176264,9,recv
793.794,2,send
793.8062639999999,2,recv
794.27,5,send
794.286264,5,recv
794.588,14,send
794.616264,14,recv
794.782,3,send
794.796264,3,recv
794.851,12,send
794.856264,12,recv
795.77,16,send
795.786264,16,recv
795.81602,11,send
795.846264,11,recv
796.151,15,send
796.176264,15,recv
796.391,13,send
796.416264,13,recv
796.58,4,send
796.596264,4,recv
796.608,8,send
796.626264,8,recv
796.788,6,send
796.8062639999999,6,recv
797.187,10,send
797.1962639999999,10,recv
797.70602,7,send
797.736264,7,recv
797.828,9,send
797.856264,9,recv
798.387,5,send
798.396264,5,recv
799.034,2,send
799.0562639999999,2,recv
799.241,14,send
799.266264,14,recv
799.439,12,send
799.4462639999999,12,recv
799.738,3,send
799.746264,3,recv
800.919,11,send
800.9462639999999,11,recv
800.988,15,send
801.006264,15,recv
801.104,4,send
801.126264,4,recv
801.129,16,send
801.156264,16,recv
801.298,8,send
801.3062639999999,8,recv
801.951,6,send
801.9662639999999,6,recv
801.999,9,send
802.026264,9,recv
802.138,10,send
802.146264,10,recv
802.149,7,send
802.176264,7,recv
802.249,13,send
802.266264,13,recv
803.311,14,send
803.3162639999999,14,recv
803.612,5,send
803.646264,5,recv
804.27602,12,send
804.3062639999999,12,recv
804.774,3,send
804.786264,3,recv
804.866,2,send
804.876264,2,recv
805.487,15,send
805.506264,15,recv
805.74,8,send
805.746264,8,recv
806.4660200000001,11,send
806.481,4,send
806.526264,4,recv
806.58,7,send
806.5862639999999,7,recv
806.616264,11,recv
806.95,9,send
806.976264,9,recv
807.048,16,send
807.0662639999999,16,recv
807.805,6,send
807.8162639999999,6,recv
807.8750200000001,13,send
807.906264,13,recv
807.955,10,send
807.9662639999999,10,recv
808.214,14,send
808.236264,14,recv
808.628,12,send
808.656264,12,recv
809.2260200000001,5,send
809.256264,5,recv
810.051,15,send
810.0662639999999,15,recv
810.18502,3,send
810.2162639999999,3,recv
810.494,11,send
810.516264,11,recv
810.777,2,send
810.786264,2,recv
810.858,4,send
810.876264,4,recv
811.585,8,send
811.596264,8,recv
812.0,7,send
812.016264,7,recv
812.501,16,send
812.526264,16,recv
812.56,10,send
812.5862639999999,10,recv
812.66,9,send
812.676264,9,recv
813.264,14,send
813.276264,14,recv
813.587,6,send
813.606264,6,recv
813.796,13,send
813.801,12,send
814.026264,13,recv
814.0862639999999,12,recv
814.29602,15,send
814.315,3,send
814.356264,3,recv
814.386264,15,recv
814.793,11,send
814.8062639999999,11,recv
815.05,5,send
815.0762639999999,5,recv
815.531,2,send
815.5562639999999,2,recv
815.732,4,send
815.766264,4,recv
816.618,10,send
816.636264,10,recv
816.85,8,send
816.876264,8,recv
817.08602,9,send
817.116264,9,recv
817.17,7,send
817.176264,7,recv
817.26602,16,send
817.296264,16,recv
817.729,6,send
817.746264,6,recv
818.877,12,send
818.886264,12,recv
818.998,3,send
819.006264,3,recv
819.058,14,send
819.0662639999999,14,recv
819.584,5,send
819.606264,5,recv
819.614,13,send
819.636264,13,recv
819.97,11,send
819.996264,11,recv
820.262,15,send
820.296264,15,recv
820.492,2,send
820.506264,2,recv
820.53602,4,send
820.5662639999999,4,recv
821.10502,9,send
821.136264,9,recv
821.725,10,send
821.736264,10,recv
821.743,7,send
821.766264,7,recv
822.462,16,send
822.486264,16,recv
822.683,8,send
822.6962639999999,8,recv
823.124,6,send
823.146264,6,recv
823.501,12,send
823.506264,12,recv
823.523,14,send
823.536264,14,recv
823.823,13,send
823.8362639999999,13,recv
824.19602,11,send
824.226264,11,recv
824.451,5,send
824.4662639999999,5,recv
824.507,3,send
824.526264,3,recv
825.015,4,send
825.036264,4,recv
825.15602,15,send
825.175,2,send
825.246264,2,recv
825.276264,15,recv
825.69602,9,send
825.726264,9,recv
826.06,10,send
826.0862639999999,10,recv
826.243,7,send
826.266264,7,recv
826.646,16,send
826.656264,16,recv
827.01602,8,send
827.046264,8,recv
828.05,14,send
828.0662639999999,14,recv
828.169,12,send
828.1862639999999,12,recv
828.539,6,send
828.546264,6,recv
828.748,13,send
828.756264,13,recv
829.41502,5,send
829.4462639999999,5,recv
829.553,3,send
829.5662639999999,3,recv
829.707,11,send
829.7162639999999,11,recv
829.95602,4,send
829.986264,4,recv
830.185,15,send
830.1962639999999,15,recv
830.534,10,send
830.5562639999999,10,recv
830.802,2,send
830.8262639999999,2,recv
830.898,9,send
830.916264,9,recv
831.3,7,send
831.3062639999999,7,recv
832.267,16,send
832.274,14,send
832.4462639999999,16,recv
832.476264,14,recv
832.999,8,send
833.016264,8,recv
834.017,12,send
834.036264,12,recv
834.143,11,send
834.156264,11,recv
834.27,6,send
834.276264,6,recv
834.278,13,send
834.3062639999999,13,recv
834.332,3,send
834.366264,3,recv
834.788,5,send
834.8162639999999,5,recv
834.87602,15,send
834.906264,15,recv
835.111,10,send
835.116264,10,recv
835.304,4,send
835.3262639999999,4,recv
836.10502,9,send
836.136264,9,recv
836.746,2,send
836.766264,2,recv
836.927,16,send
836.9462639999999,16,recv
837.247,7,send
837.276264,7,recv
838.149,11,send
838.176264,11,recv
838.199,14,send
838.2062639999999,14,recv
838.455,8,send
838.476264,8,recv
838.489,6,send
838.506264,6,recv
838.825,13,send
838.8356239999999,5,send
838.8362639999999,13,recv
838.866264,5,recv
838.882,15,send
838.896264,15,recv
839.274,12,send
839.286264,12,recv
839.401,10,send
839.406264,10,recv
839.966,3,send
839.976264,3,recv
840.12,4,send
840.126264,4,recv
840.2160200000001,9,send
840.246264,9,recv
841.542,16,send
841.5662639999999,16,recv
841.64,7,send
841.656264,7,recv
842.277,2,send
842.286264,2,recv
843.451,14,send
843.4562639999999,14,recv
843.472,15,send
843.486264,15,recv
843.918,6,send
843.9362639999999,6,recv
843.96,8,send
843.9662639999999,8,recv
844.094,11,send
844.116264,11,recv
844.2,5,send
844.2062639999999,5,recv
844.723,13,send
844.746264,13,recv
844.782,10,send
844.79,12,send
844.896264,10,recv
844.926264,12,recv
845.287,3,send
845.3162639999999,3,recv
845.453,4,send
845.4662639999999,4,recv
845.831,9,send
845.856264,9,recv
846.217,7,send
846.246264,7,recv
846.586,16,send
846.606264,16,recv
847.343,2,send
847.356264,2,recv
847.555,15,send
847.5662639999999,15,recv
848.203,8,send
848.226264,8,recv
848.3,14,send
848.3162639999999,14,recv
848.887,10,send
848.916264,10,recv
849.058,5,send
849.0662639999999,5,recv
849.313,6,send
849.3362639999999,6,recv
849.517,11,send
849.546264,11,recv
849.821,12,send
849.846264,12,recv
850.201,3,send
850.2062639999999,3,recv
850.241,13,send
850.266264,13,recv
850.332,4,send
850.356264,4,recv
850.696,7,send
850.7162639999999,7,recv
850.978,16,send
850.986264,16,recv
851.598,9,send
851.616264,9,recv
852.381,2,send
852.396264,2,recv
853.212,8,send
853.236264,8,recv
853.28,15,send
853.296264,15,recv
853.496,5,send
853.506264,5,recv
853.641,14,send
853.656264,14,recv
853.974,6,send
853.986264,6,recv
854.38,11,send
854.406264,11,recv
854.655,4,send
854.676264,4,recv
854.818,3,send
854.8262639999999,3,recv
854.837,10,send
854.856264,10,recv
855.027,12,send
855.036264,12,recv
855.263,7,send
855.276264,7,recv
855.76,13,send
855.786264,13,recv
856.278,16,send
856.296264,16,recv
856.783,2,send
856.8062639999999,2,recv
857.183,9,send
857.1962639999999,9,recv
857.22502,8,send
857.256264,8,recv
857.749,14,send
857.766264,14,recv
858.262,15,send
858.276264,15,recv
858.644,5,send
858.659,6,send
858.756264,5,recv
858.9362639999999,6,recv
859.178,4,send
859.2062639999999,4,recv
859.465,11,send
859.476264,11,recv
859.999,7,send
860.016264,7,recv
860.39,3,send
860.397,12,send
860.4362639999999,12,recv
860.4662639999999,3,recv
860.519,10,send
860.526264,10,recv
861.48502,13,send
861.516264,13,recv
861.771,16,send
861.786264,16,recv
861.882,9,send
861.906264,9,recv
862.307,14,send
862.3262639999999,14,recv
862.53602,2,send
862.5662639999999,2,recv
863.147,8,send
863.166264,8,recv
863.656,4,send
863.676264,4,recv
863.70502,11,send
863.736264,11,recv
863.749,15,send
863.7646239999999,5,send
863.766264,15,recv
863.796264,5,recv
864.029,6,send
864.036264,6,recv
865.132,3,send
865.146264,3,recv
865.379,7,send
865.386264,7,recv
865.41602,12,send
865.4462639999999,12,recv
865.525,10,send
865.536264,10,recv
865.723,13,send
865.746264,13,recv
866.232,16,send
866.256264,16,recv
866.892,14,send
866.916264,14,recv
867.198,2,send
867.2162639999999,2,recv
867.25,9,send
867.276264,9,recv
867.32,8,send
867.3362639999999,8,recv
867.978,11,send
867.996264,11,recv
868.46,15,send
868.476264,15,recv
868.62602,5,send
868.656264,5,recv
869.264,4,send
869.286264,4,recv
869.49602,6,send
869.526264,6,recv
869.548,7,send
869.5562639999999,7,recv
869.653,10,send
869.676264,10,recv
870.04,13,send
870.0662639999999,13,recv
870.541,3,send
870.546264,3,recv
870.563,12,send
870.5762639999999,12,recv
871.374,16,send
871.386264,16,recv
871.53,8,send
871.536264,8,recv
871.711,2,send
871.7162639999999,2,recv
871.778,9,send
871.8062639999999,9,recv
872.725,14,send
872.736264,14,recv
872.839,15,send
872.856264,15,recv
873.277,11,send
873.3062639999999,11,recv
873.97,5,send
873.996264,5,recv
874.32602,4,send
874.356264,4,recv
874.603,12,send
874.626264,12,recv
874.814,6,send
874.8362639999999,6,recv
875.317,7,send
875.346264,7,recv
875.596,13,send
875.606,10,send
875.7062639999999,13,recv
875.736264,10,recv
876.013,16,send
876.036264,16,recv
876.054,8,send
876.0662639999999,8,recv
876.084,3,send
876.096264,3,recv
876.601,2,send
876.606264,2,recv
876.798,9,send
876.8162639999999,9,recv
878.232,11,send
878.256264,11,recv
878.382,14,send
878.406264,14,recv
878.62,15,send
878.646264,15,recv
879.316,6,send
879.3362639999999,6,recv
879.55,5,send
879.562,4,send
879.726264,4,recv
879.793,12,send
879.8162639999999,12,recv
879.906264,5,recv
880.1,8,send
880.116264,8,recv
880.734,10,send
880.746264,10,recv
880.77602,13,send
880.8062639999999,13,recv
881.112,7,send
881.115,16,send
881.1962639999999,7,recv
881.256264,16,recv
881.355,9,send
881.376264,9,recv
881.43,3,send
881.4362639999999,3,recv
881.752,2,send
881.766264,2,recv
883.252,14,send
883.266264,14,recv
883.732,11,send
883.746264,11,recv
884.07502,5,send
884.106264,5,recv
884.48,15,send
884.496264,15,recv
884.607,4,send
884.616264,4,recv
884.8560200000001,6,send
884.886264,6,recv
884.938,12,send
884.9462639999999,12,recv
885.354,13,send
885.366264,13,recv
885.429,10,send
885.4562639999999,10,recv
885.893,8,send
885.906264,8,recv
885.9950200000001,2,send
886.026264,2,recv
886.5960200000001,3,send
886.626264,3,recv
886.904,9,send
886.922,16,send
886.926264,9,recv
886.9562639999999,16,recv
886.968,7,send
887.0762639999999,7,recv
888.57,15,send
888.5762639999999,15,recv
889.05502,5,send
889.0862639999999,5,recv
889.17602,14,send
889.2062639999999,14,recv
889.3560200000001,11,send
889.386264,11,recv
889.568,6,send
889.596264,6,recv
889.62602,4,send
889.656264,4,recv
890.129,8,send
890.136264,8,recv
890.2550200000001,2,send
890.269,10,send
890.3162639999999,10,recv
890.346264,2,recv
890.447,12,send
890.4662639999999,12,recv
890.591,13,send
890.616264,13,recv
891.238,3,send
891.246264,3,recv
891.57,7,send
891.5762639999999,7,recv
891.69502,16,send
891.726264,16,recv
892.283,9,send
892.296264,9,recv
893.25,15,send
893.256264,15,recv
893.449,5,send
893.4662639999999,5,recv
893.858,11,send
893.886264,11,recv
894.277,4,send
894.3062639999999,4,recv
894.579,8,send
894.604624,14,send
894.606264,8,recv
894.636264,14,recv
895.507,6,send
895.536264,6,recv
895.694,3,send
895.7162639999999,3,recv
895.873,2,send
895.896264,2,recv
896.198,10,send
896.226264,10,recv
896.362,12,send
896.376264,12,recv
896.518,13,send
896.526264,13,recv
896.683,9,send
896.7062639999999,9,recv
897.36602,7,send
897.396264,7,recv
897.66602,16,send
897.6962639999999,16,recv
897.741,15,send
897.756264,15,recv
899.113,14,send
899.116,5,send
899.119,11,send
899.1962639999999,5,recv
899.278,8,send
899.286264,8,recv
899.376264,14,recv
899.4362639999999,11,recv
899.70602,4,send
899.736264,4,recv
